id,nombre,tipo,municipio,categoria,costo_estimado,tiempo_horas,nivel_afluencia,lat,lng,foto_url
1,Izapa (grupo F),destino,Tapachula,cultura,79,2.4,349,14.9233,-92.179958,
2,Izapa (grupo A),destino,Tapachula,cultura,63,1.7,252,14.913507,-92.184326,
3,Club Campestre,destino,Tapachula,naturaleza,55,2.9,70,14.939568,-92.253411,
4,Museo del Ambar de Chiapas,destino,San Cristobal de las Casas,cultura,71,1.1,304,16.735843,-92.642162,
5,Museo de Culturas Populares,destino,San Cristobal de las Casas,cultura,33,1.9,72,16.736513,-92.641272,
6,Na Bolom,destino,San Cristobal de las Casas,cultura,31,1.3,62,16.741687,-92.629943,
7,Jardin del Jaguar,destino,San Cristobal de las Casas,naturaleza,111,2.3,275,16.741697,-92.630021,
8,Museo de la Medicina Maya,destino,San Cristobal de las Casas,cultura,88,1.6,404,16.750033,-92.638689,
9,Mirador El Tepehuaje,destino,Tuxtla Gutierrez,fotografia,0,1.1,53,16.829908,-93.090857,
10,Abasolo,destino,Ocosingo,naturaleza,196,3.1,1181,16.81845,-92.216453,
11,Agua Azul,destino,Ocosingo,naturaleza,102,2.7,4818,17.255205,-92.115034,https://upload.wikimedia.org/wikipedia/commons/thumb/f/fe/Cascadas_de_Agua_Azul_5.jpg/960px-Cascadas_de_Agua_Azul_5.jpg
12,Parque Bicentenario,destino,Tapachula,naturaleza,116,2.7,292,14.905662,-92.263348,
13,Club Leones,destino,Tapachula,naturaleza,77,3.2,150,14.887253,-92.291296,
14,La Pochota,destino,Chiapa de Corzo,naturaleza,192,3.4,9598,16.707723,-93.017206,https://upload.wikimedia.org/wikipedia/commons/thumb/4/4f/LaPochotaChiapa1.jpg/960px-LaPochotaChiapa1.jpg
15,Cascada El Aguacero,destino,Jiquipilas,fotografia,37,1.2,462,16.759318,-93.525176,
16,Museo Arqueológico del Soconusco,destino,Tapachula,cultura,54,2.2,549,14.910225,-92.265364,
17,Cascadas de El Chiflón,destino,Tzimol,familiar,165,3.5,6004,16.189945,-92.273826,https://upload.wikimedia.org/wikipedia/commons/thumb/b/b7/UsumacintaYaxchilan16.JPG/960px-UsumacintaYaxchilan16.JPG
18,Wasserfall,destino,Palenque,fotografia,3,1.2,91,17.485496,-92.043126,
19,Estela 11,destino,Tenosique,cultura,114,1.9,565,16.899059,-90.963099,
20,Estela 3,destino,Tenosique,cultura,85,1.6,390,16.898903,-90.963497,
21,Gran Acrópolis,destino,Tenosique,cultura,82,2.1,368,16.898689,-90.964726,
22,Templo olvidado,destino,Palenque,cultura,102,1.6,490,17.484537,-92.054948,
23,Misol-Ha,destino,Palenque,naturaleza,60,2.7,2558,17.390948,-91.99869,https://upload.wikimedia.org/wikipedia/commons/thumb/8/82/Misolha_idyllic_upright.jpg/960px-Misolha_idyllic_upright.jpg
24,Pequeña Acrópolis,destino,Tenosique,cultura,59,1.7,233,16.899636,-90.967095,
25,La Gran Plaza,destino,Tenosique,cultura,104,2.5,505,16.899038,-90.963889,
26,Diana Cazadora,destino,Tuxtla Gutierrez,cultura,37,2.0,98,16.747406,-93.083231,
27,Antorcha de la Solidaridad,destino,Tuxtla Gutierrez,cultura,34,2.1,76,16.746753,-93.141245,
28,Bandera Monumental,destino,Tuxtla Gutierrez,cultura,63,1.3,252,16.773344,-93.131027,
29,ZooMat,destino,Tuxtla Gutierrez,familiar,80,2.7,52,16.725469,-93.094421,
30,Mirador Ceiba,destino,Tuxtla Gutierrez,fotografia,31,1.2,393,16.792897,-93.07749,
31,Mirador La Coyota,destino,Tuxtla Gutierrez,fotografia,28,1.2,360,16.818366,-93.069117,
32,Parking Roblar; Mirador Roblar,destino,Tuxtla Gutierrez,fotografia,24,1.1,320,16.835497,-93.078279,
33,La Pelona,destino,Villaflores,naturaleza,93,3.3,209,16.329246,-93.299145,
34,Nambiyugüa,destino,Villaflores,naturaleza,82,2.4,169,16.290253,-93.333869,
35,la Gruta,destino,La Independencia,naturaleza,170,2.5,491,16.135355,-91.728105,
36,Caparrosa,destino,Villaflores,naturaleza,162,2.9,463,16.359998,-93.322699,
37,Lakan'Ha,destino,Tenosique,cultura,63,1.5,257,16.737759,-91.114299,
38,Cascadas de Santo Domingo,destino,Tenosique,naturaleza,89,2.4,195,17.026258,-91.413361,
39,Casa de Cultura,destino,Tapachula,eventos,111,1.5,550,14.989781,-92.168551,
40,Estela 1,destino,Tenosique,cultura,111,2.4,549,16.89932,-90.963757,
41,Cruz,destino,Berriozabal,fotografia,40,1.2,495,16.871345,-93.201501,
42,Estatua de Emiliano Zapata,destino,Las Margaritas,fotografia,20,0.5,274,16.315465,-91.987927,
43,María Adelina Flores Morales,destino,San Cristobal de las Casas,cultura,108,1.5,527,16.733797,-92.637973,
44,Ángel Robles Ramirez,destino,San Cristobal de las Casas,cultura,35,1.5,80,16.733837,-92.638031,
45,Prudencio Moscoso Pastrana,destino,San Cristobal de las Casas,cultura,62,2.4,251,16.733838,-92.638085,
46,Mariano N. Ruíz Suasnavar,destino,San Cristobal de las Casas,cultura,96,2.4,454,16.733798,-92.638112,
47,Monumento al Dr. Manuel Velasco Suárez,destino,San Cristobal de las Casas,cultura,40,1.4,114,16.737058,-92.637912,
48,Las Canastas,destino,San Cristobal de las Casas,cultura,53,1.5,196,16.733711,-92.603669,
49,Kiosko,destino,Chiapa de Corzo,naturaleza,79,3.2,156,16.728195,-92.978392,
50,Monumento a Fray Bartolomé de Las Casas,destino,San Cristobal de las Casas,cultura,89,1.7,411,16.733652,-92.636747,
51,Grutas del Arco,destino,La Independencia,naturaleza,66,3.2,111,15.821741,-91.892133,
52,Tortugario,destino,La Independencia,naturaleza,66,3.3,109,15.827668,-91.897023,
53,Mirador La Atalaya,destino,Tuxtla Gutierrez,naturaleza,68,2.8,119,16.82851,-93.095078,
54,Templo de Quechula,destino,Berriozabal,cultura,48,2.0,161,17.054888,-93.421997,
55,5 de febrero,destino,Tapachula,naturaleza,175,3.9,508,14.92603,-92.258438,
56,izapa grupo B,destino,Tapachula,cultura,36,1.0,88,14.914441,-92.181409,
57,Rincón Víbora,destino,Villaflores,naturaleza,181,2.5,533,16.392377,-93.309674,
58,centro ecoturistico Laguna Miramar,destino,Las Margaritas,cultura,54,1.7,201,16.392955,-91.34157,
59,laguna Miramar,destino,Las Margaritas,naturaleza,135,3.1,363,16.405244,-91.267116,
60,laguna Cocodrilo,destino,Las Margaritas,naturaleza,77,2.5,150,16.400525,-91.297401,
61,lago ocotalito,destino,Ocosingo,naturaleza,50,3.6,53,16.945573,-91.601079,
62,Grutas El Mamut,destino,San Cristobal de las Casas,naturaleza,82,3.3,169,16.740941,-92.586277,
63,Parador turístico el tapir,destino,Las Margaritas,naturaleza,74,2.3,138,16.325767,-90.768811,
64,Cristo de Copoya,destino,Tuxtla Gutierrez,fotografia,23,1.5,304,16.719459,-93.119379,
65,Las nubes,destino,Las Margaritas,cultura,115,2.3,573,16.198394,-91.330766,
66,Zona Arqueológica de Yaxchilán,destino,Tenosique,cultura,47,2.0,158,16.901489,-90.967638,
67,Reloj Floral,destino,Tapachula,naturaleza,108,3.8,266,14.889939,-92.264767,
68,nom_parque,destino,Tuxtla Gutierrez,naturaleza,122,2.5,315,16.762058,-93.076549,
69,nom_recinto,destino,Tuxtla Gutierrez,naturaleza,93,3.7,210,16.761065,-93.072054,
70,Cascadas el aguacero,destino,Jiquipilas,cultura,110,2.4,544,16.75458,-93.51837,
71,centro cultural el carmen,destino,San Cristobal de las Casas,eventos,57,2.7,76,16.733656,-92.637976,
72,Museo textiles de mundo maya,destino,San Cristobal de las Casas,cultura,31,1.2,57,16.741677,-92.637475,
73,Mirador Laguna La Cañada,destino,La Independencia,fotografia,46,0.8,566,16.110886,-91.677937,
74,Museo Regional de Chiapas,destino,Tuxtla Gutierrez,cultura,55,1.1,205,16.75994,-93.106783,
75,Museo de Palentología,destino,Tuxtla Gutierrez,cultura,55,1.8,206,16.759372,-93.105907,
76,Museo Sergio Castro,destino,San Cristobal de las Casas,cultura,31,1.2,61,16.736987,-92.641545,
77,Mercado,destino,Comitan de Dominguez,naturaleza,51,2.0,54,16.254372,-92.133864,
78,Arco de Piedra,destino,San Cristobal de las Casas,naturaleza,145,2.6,400,16.724747,-92.583948,
79,Ojo de Agua,destino,La Independencia,fotografia,8,0.6,146,16.108612,-91.44682,
80,Cañón del Sumidero,destino,Chiapa de Corzo,aventura,164,2.8,468,16.743225,-93.035687,
81,La Piedra Sabia,destino,Tuxtla Gutierrez,cultura,97,2.1,459,16.761884,-93.118306,
82,"La Cruz ""Para calmar el cerro""",destino,Tuxtla Gutierrez,cultura,103,1.9,501,16.725738,-93.147522,
83,El mirador,destino,San Cristobal de las Casas,fotografia,25,0.8,331,16.700613,-92.634814,
84,La Ventana,destino,Palenque,cultura,68,2.2,680,17.454695,-92.03195,
85,PARQUE CENTRAL,destino,Berriozabal,naturaleza,101,2.3,237,16.799982,-93.272695,
86,Panteon,destino,Zinacantlan,naturaleza,108,2.6,263,16.764277,-92.733918,
87,trees,destino,Tuxtla Gutierrez,naturaleza,194,2.1,578,16.750802,-93.195541,
88,open grass field,destino,Tuxtla Gutierrez,naturaleza,58,3.7,80,16.751628,-93.196814,
89,open land with some trees,destino,Tuxtla Gutierrez,naturaleza,135,3.5,362,16.749994,-93.195879,
90,Open tree area,destino,Tuxtla Gutierrez,naturaleza,77,3.7,150,16.730864,-93.068284,
91,open tree area,destino,Tuxtla Gutierrez,naturaleza,98,3.5,227,16.779494,-93.137282,
92,Open Tree Area,destino,Tuxtla Gutierrez,naturaleza,88,3.1,192,16.73139,-93.067161,
93,Open Field Area,destino,Tuxtla Gutierrez,naturaleza,140,2.7,382,16.754044,-93.068395,
94,Open Tree,destino,Tuxtla Gutierrez,naturaleza,61,2.1,91,16.736437,-93.089701,
95,Cafemuseo cafe,destino,San Cristobal de las Casas,cultura,77,1.2,339,16.738259,-92.636008,
96,Grutas del Agua,destino,San Cristobal de las Casas,naturaleza,113,2.5,281,16.744498,-92.589793,
97,Huitepec reserva natural,destino,San Juan Chamula,naturaleza,147,3.2,407,16.75999,-92.681056,
98,Galeria Mudra,destino,San Cristobal de las Casas,naturaleza,114,2.2,287,16.7405,-92.634207,
99,Beau Dégât [bo.de.ga],destino,San Cristobal de las Casas,cultura,94,2.5,444,16.735685,-92.638064,
100,Enzué,destino,San Cristobal de las Casas,cultura,115,1.8,572,16.740181,-92.63534,
101,La Galería,destino,San Cristobal de las Casas,cultura,46,1.4,152,16.73622,-92.638154,
102,"La Enseñanza, Casa De La Ciudad",destino,San Cristobal de las Casas,cultura,107,2.0,523,16.738597,-92.635479,
103,La Tozi Galeria Hotel,destino,San Cristobal de las Casas,cultura,36,1.5,87,16.737547,-92.633815,
104,Galería MUY,destino,San Cristobal de las Casas,cultura,67,1.4,281,16.738589,-92.628689,
105,Open Area,destino,Tuxtla Gutierrez,naturaleza,167,3.3,479,16.774715,-93.100037,
106,Alberca,destino,Huehuetan,cultura,100,1.7,483,15.125535,-92.300073,
107,palitroche,destino,Huehuetan,familiar,229,2.0,535,15.127272,-92.300453,
108,Alberto Dominguez B.,destino,San Cristobal de las Casas,cultura,90,1.3,421,16.73412,-92.638147,
109,Cañón antiguo derecho,destino,San Cristobal de las Casas,aventura,60,1.4,239,16.737133,-92.638089,
110,Cañon antiguo izquierdo,destino,San Cristobal de las Casas,aventura,32,1.4,63,16.73681,-92.638094,
111,Cruz de San Francisco,destino,San Cristobal de las Casas,cultura,37,1.4,94,16.734567,-92.63679,
112,Pila antigua de piedra,destino,San Cristobal de las Casas,cultura,52,1.4,190,16.734658,-92.636915,
113,Camping Presa,destino,Arriaga,cultura,80,1.9,356,16.466252,-93.999439,
114,Dr. Faustino Miranda,destino,Tuxtla Gutierrez,naturaleza,165,2.4,471,16.75835,-93.107307,
115,Busto a Vicente Guerrero,destino,San Cristobal de las Casas,cultura,118,2.1,588,16.736899,-92.638731,
116,Busto a Miguel Hidalgo,destino,San Cristobal de las Casas,cultura,112,1.6,554,16.737092,-92.638562,
117,Sirena de PIedra,destino,San Cristobal de las Casas,cultura,68,1.4,287,16.736666,-92.637117,
118,Casa de las Sirenas,destino,San Cristobal de las Casas,cultura,79,1.3,354,16.736435,-92.637122,
119,Chocohuital,destino,Pijijiapan,naturaleza,118,3.4,300,15.602151,-93.33826,
120,Junchivin,destino,Comitan de Dominguez,naturaleza,103,2.0,246,16.305115,-92.185763,
121,Tologue,destino,Palenque,cultura,87,1.3,399,17.502443,-92.003993,
122,Monumento a la madre,destino,Palenque,cultura,40,1.4,114,17.504957,-91.991921,
123,Brisas del Mar,destino,Tapachula,fotografia,10,0.8,161,14.616769,-92.318096,
124,Parque Cireba,destino,Tapachula,naturaleza,117,3.3,297,14.891066,-92.248834,
125,La Chiapaneca,destino,Chiapa de Corzo,cultura,56,1.4,209,16.719307,-93.018574,
126,El Parachico,destino,Chiapa de Corzo,cultura,112,1.6,555,16.719457,-93.018687,
127,Casa Museo Madrigal,destino,Chiapa de Corzo,cultura,79,2.3,354,16.70768,-93.019175,
128,Pilares CFE,destino,Tapachula,cultura,40,2.2,117,14.915359,-92.240647,
129,Pueblo La Palma,destino,Acapetahua,naturaleza,88,2.1,191,15.174245,-92.839182,
130,Pueblo Las Garzas,destino,Acapetahua,naturaleza,111,3.9,274,15.202891,-92.815214,
131,Monumento a Benito Juárez,destino,Tapachula,cultura,56,1.3,209,14.9106,-92.265462,
132,Bancrisa,destino,Tapachula,naturaleza,133,3.9,355,14.891147,-92.269698,
133,Poza tepescuhintle,destino,Mapastepec,naturaleza,189,3.5,559,15.50428,-92.929899,
134,Poza,destino,Mapastepec,naturaleza,180,3.9,529,15.50457,-92.926858,
135,Altar del monstruo de la tierra,destino,Ocosingo,naturaleza,82,3.9,167,16.901756,-92.009381,
136,Entrance Montebello,destino,La Independencia,naturaleza,93,2.1,209,16.103541,-91.734628,
137,Cancha Basquetball,destino,Tapachula,naturaleza,80,3.5,161,14.839584,-92.189906,
138,El puma,destino,Comitan de Dominguez,cultura,111,2.0,546,16.255059,-92.13354,
139,Busto,destino,Comitan de Dominguez,cultura,88,1.1,410,16.252894,-92.134239,
140,Entrada unijab,destino,Tzimol,naturaleza,145,3.8,398,16.137255,-92.188508,
141,Casa Ejidal de Suchiapa,destino,Suchiapa,naturaleza,157,3.0,443,16.622918,-93.10287,
142,Panteon Municipal,destino,Suchiapa,naturaleza,77,3.6,149,16.620543,-93.099536,
143,Parque Municipal,destino,Suchiapa,naturaleza,70,4.0,123,16.621724,-93.104872,
144,Kiosko Central,destino,Suchiapa,naturaleza,107,2.2,261,16.621543,-93.104777,
145,Munumento a Corpus Crhisti,destino,Suchiapa,fotografia,4,1.4,98,16.619888,-93.10009,
146,Canchita del Panteon,destino,Suchiapa,naturaleza,197,2.4,592,16.620427,-93.0998,
147,Batshit Cave,destino,Palenque,naturaleza,96,3.9,219,17.390725,-91.998811,
148,Parque convivencia infantil,destino,Tuxtla Gutierrez,naturaleza,67,3.3,113,16.75866,-93.104155,
149,Steps (non-profit with workshops),destino,San Cristobal de las Casas,naturaleza,55,3.6,70,16.737972,-92.632649,
150,Camping Familiar,destino,Palenque,cultura,68,1.1,286,17.489283,-92.032733,
151,Cᴀᴍɪɴᴏ ᴀ ʟᴀ ᴘɪᴇᴅʀᴀ,destino,Huixtla,naturaleza,97,3.5,224,15.168418,-92.453994,
152,Isla de las Orquídeas,destino,La Independencia,naturaleza,126,2.0,329,16.104719,-91.668264,
153,Cueva del oso,destino,Tapachula,cultura,39,2.2,110,15.125425,-92.106342,
154,Parque Natural Monte Azul,destino,Tenosique,naturaleza,59,3.7,84,16.823708,-91.462921,
155,Placa de fundacion,destino,Huixtla,cultura,31,2.1,57,15.214312,-92.577188,
156,Monumento versiculo,destino,Huixtla,cultura,109,2.0,534,15.214474,-92.577344,
157,placa palacio municipal,destino,Huixtla,cultura,118,1.9,590,15.214272,-92.577437,
158,los comales,destino,Huixtla,fotografia,20,1.1,270,15.217315,-92.575559,
159,Estatua de Copoya,destino,Tuxtla Gutierrez,fotografia,34,1.1,430,16.71103,-93.110301,
160,Parque Central de El Jobo,destino,Tuxtla Gutierrez,naturaleza,51,2.1,54,16.704649,-93.106756,
161,Balneario,destino,Tapachula,descanso,120,3.2,307,15.039029,-92.170995,
162,Museo De La Marimba,destino,Tuxtla Gutierrez,cultura,105,1.4,509,16.755005,-93.12398,
163,Xamil Cascada y Balneario,destino,Ocosingo,descanso,184,2.4,541,17.2143,-92.108513,
164,Centro Ecoturistico Ara Macao las Guacamayas,destino,Las Margaritas,naturaleza,128,3.0,338,16.256991,-90.86141,
165,Lago Pojoj,destino,La Independencia,fotografia,2,1.2,80,16.103239,-91.672293,
166,Museo Mesoamericano del Jade,destino,San Cristobal de las Casas,cultura,105,1.4,514,16.741284,-92.635049,
167,Monumento de Trabajadores de CFE,destino,Pueblo Nuevo Solistahaucan,cultura,98,1.3,470,16.93762,-93.101332,
168,PARQUECITO 20 DE NOVIEMBRE,destino,Tapachula,naturaleza,142,2.3,388,14.976762,-92.265441,
169,Arco del tiempo,destino,Cintalapa,naturaleza,138,2.5,372,16.93881,-93.731467,
170,LAGOS DE MONTEBELLO,destino,La Independencia,naturaleza,147,2.5,405,16.110204,-91.700487,
171,Museo Cultural Tziscao,destino,La Independencia,cultura,56,2.1,210,16.087808,-91.666613,
172,Camping free,destino,Ocosingo,cultura,32,1.6,68,17.257023,-92.113377,
173,El Romerillo,destino,San Cristobal de las Casas,naturaleza,122,2.8,317,16.764129,-92.562988,
174,Mirador Lago El Caracol,destino,La Independencia,fotografia,21,0.5,284,16.108836,-91.680295,
175,embarcación en balsa,destino,La Independencia,naturaleza,56,3.3,73,16.119453,-91.727955,
176,Mirador,destino,La Independencia,fotografia,3,1.4,87,16.119976,-91.730748,
177,Misión Surf Mexico,destino,Tapachula,cultura,37,2.0,371,14.732903,-92.43399,
178,Grutas de Arcoton,destino,Las Margaritas,naturaleza,101,2.3,239,16.27945,-91.834305,
179,Parque Miguel Hidalgo,destino,Pijijiapan,naturaleza,169,2.7,486,15.692041,-93.209531,
180,"Parque ""La Villa Real"".",destino,San Cristobal de las Casas,naturaleza,182,2.1,537,16.747571,-92.651095,
181,Etéreo Taller,destino,San Cristobal de las Casas,cultura,70,2.2,299,16.736811,-92.644574,
182,STEPS nonprofit,destino,San Cristobal de las Casas,naturaleza,186,2.4,551,16.739538,-92.634017,
183,Marimba del Parque Chiapasiónate,destino,Tuxtla Gutierrez,cultura,72,1.2,308,16.743565,-93.071345,
184,Mural Laja Tendida,destino,Venustiano Carranza,fotografia,25,1.4,335,16.33723,-92.670051,
185,Mural Hombre del Maíz,destino,Venustiano Carranza,fotografia,48,1.2,582,16.337798,-92.670124,
186,Mural Miguel de Allende,destino,Venustiano Carranza,fotografia,7,0.9,137,16.336159,-92.670115,
187,Embarcadero Las Garzas,destino,Acapetahua,naturaleza,82,2.9,169,15.203818,-92.813804,
188,Rancho El Tesoro,destino,Tapachula,cultura,62,1.7,246,14.745767,-92.240303,
189,Plaza principal,destino,Yajalon,naturaleza,157,2.2,442,17.105286,-92.271446,
190,Lienzo Charro,destino,Yajalon,naturaleza,155,3.8,435,17.102433,-92.273483,
191,"Zona arqueológica Náchoj, Mukana y Nátentsun",destino,Yajalon,cultura,60,1.9,238,17.097134,-92.272159,
192,Monumento Parque Bicentenario,destino,Tuxtla Gutierrez,cultura,114,1.2,565,16.752921,-93.127902,
193,Gral. José María Morelos y Pavón,destino,Tuxtla Gutierrez,cultura,72,2.3,307,16.753711,-93.127576,
194,Mto. Edgar Robledo Santiago,destino,Tuxtla Gutierrez,cultura,118,2.2,592,16.754771,-93.127896,
195,Dr. Samuel León Brindis,destino,Tuxtla Gutierrez,cultura,103,1.2,499,16.754931,-93.127529,
196,Zeferino Nandayapa Ralda,destino,Tuxtla Gutierrez,cultura,53,1.3,190,16.755066,-93.123636,
197,Alberto Peña Rios,destino,Tuxtla Gutierrez,cultura,93,2.1,439,16.755722,-93.123594,
198,General Joaquin Miguel Gutierrez Canales,destino,Tuxtla Gutierrez,cultura,66,2.3,274,16.755154,-93.115522,
199,Jaime Sabines,destino,Tuxtla Gutierrez,fotografia,11,0.6,173,16.752655,-93.106471,
200,Salomón González Blanco,destino,Tuxtla Gutierrez,cultura,89,1.6,415,16.760665,-93.145721,
201,Árbol de Navidad,destino,Tuxtla Gutierrez,naturaleza,182,2.5,536,16.875242,-93.105448,
202,Cueva de los Colores,destino,Tuxtla Gutierrez,naturaleza,196,2.0,585,16.83705,-93.088108,
203,Puente Belisario Domínguez,destino,Chiapa de Corzo,naturaleza,189,3.1,559,16.742809,-93.034694,
204,Luis H. Álvarez Álvarez,destino,San Cristobal de las Casas,cultura,65,1.7,269,16.741492,-92.636131,
205,Hermilo Lopez Sanchez,destino,San Cristobal de las Casas,cultura,52,1.3,189,16.735298,-92.638762,
206,La Cueva del Oso Balu,destino,San Cristobal de las Casas,naturaleza,161,3.6,459,16.724589,-92.583342,
207,Grutas Golondrina,destino,San Cristobal de las Casas,naturaleza,59,2.8,84,16.670656,-92.584457,
208,Arqueologo Alberto Ruz Lhuillier,destino,Palenque,cultura,52,2.1,189,17.484132,-92.047111,
209,Parque,destino,Palenque,naturaleza,63,2.0,98,17.516447,-91.987898,
210,Centro Ecoturístico Wejlib-ha,destino,Palenque,naturaleza,73,3.3,134,17.371961,-91.803549,
211,Pakal,destino,Palenque,fotografia,38,0.6,476,17.508352,-91.989647,
212,José Menezes,destino,Amatenango del Valle,cultura,85,1.8,387,16.376278,-92.374892,
213,Tortuga,destino,Tonala,fotografia,25,1.3,331,15.932583,-93.809907,
214,"Campamento Tortuguero ""Boca del Cielo""",destino,Tonala,naturaleza,128,3.4,336,15.848977,-93.674781,
215,Cueva del Silencio,destino,Tuxtla Gutierrez,naturaleza,145,2.9,401,16.806741,-93.067633,
216,Cerro La Sombra,destino,Berriozabal,naturaleza,156,2.8,440,16.934662,-93.149841,
217,Balenario Jordan,destino,Ocosingo,cultura,35,1.6,84,16.821703,-91.672124,
218,Zak-Té,destino,Ocosingo,cultura,77,1.4,337,16.901315,-92.016219,
219,Mukul-Ton,destino,Ocosingo,cultura,118,1.3,591,16.89947,-92.012459,
220,Street art,destino,San Cristobal de las Casas,fotografia,23,0.7,306,16.741282,-92.634187,
221,Cononial,destino,San Cristobal de las Casas,fotografia,43,1.0,531,16.755073,-92.650624,
222,Palenque,destino,Palenque,naturaleza,65,2.2,107,17.50907,-91.980948,
223,Isla,destino,La Independencia,naturaleza,53,3.5,63,16.111392,-91.701418,
224,Mirador Lago Aqua Tinta,destino,La Independencia,fotografia,12,1.3,188,16.112367,-91.678378,
225,El paso. lancha a cooperativa el paraiso,destino,Tonala,naturaleza,186,2.8,551,15.845643,-93.659725,
226,Casa TatikWari,destino,San Cristobal de las Casas,naturaleza,50,4.0,52,16.670826,-92.634348,
227,Arco Del Tiempo,destino,Cintalapa,naturaleza,176,3.9,512,16.941215,-93.732391,
228,River View platform,destino,Palenque,fotografia,23,1.3,308,17.487611,-92.050024,
229,Hidden temple entrance under tree,destino,Palenque,cultura,104,2.0,502,17.486658,-92.051102,
230,Top platform,destino,Ocosingo,fotografia,22,0.7,302,17.254149,-92.114604,
231,Lu'um Taller de Ceramica,destino,Comitan de Dominguez,cultura,41,2.4,417,16.332549,-92.078123,
232,Gruta Sak Tenam,destino,La Independencia,naturaleza,86,3.0,183,16.121141,-91.672842,
233,Aluxes Ecopark,destino,Palenque,naturaleza,160,2.9,963,17.501875,-92.015549,
234,Temple sacrificiel Maya,destino,Tenosique,cultura,31,2.4,58,16.736772,-91.113238,
235,Parque de los tamarindos,destino,Tuxtla Gutierrez,naturaleza,172,2.7,500,16.744803,-93.159776,
236,Arco del Carmen,destino,San Cristobal de las Casas,naturaleza,52,3.7,59,16.733862,-92.638265,
237,Cenote de Chukumaltic,destino,La Trinitaria,fotografia,35,0.9,444,16.121105,-92.168948,
238,Arco Carmen,destino,San Cristobal de las Casas,cultura,102,1.3,495,16.734038,-92.638284,
239,Embarcadero Chiapa de Corzo,destino,Chiapa de Corzo,fotografia,20,1.4,275,16.709499,-93.023766,
240,La Grutas,destino,San Cristobal de las Casas,naturaleza,111,2.9,274,16.724734,-92.583803,
241,Aqua Azul,destino,Ocosingo,fotografia,5,0.6,108,17.252643,-92.115418,
242,Área de natación,destino,Ocosingo,naturaleza,96,3.1,220,17.256643,-92.114571,
243,Acceso al Parque Natural El Encuentro,destino,San Cristobal de las Casas,naturaleza,100,3.2,604,16.733715,-92.614867,
244,jaltenango de la paz,destino,Angel Albino Corzo,cultura,76,2.0,334,15.866545,-92.725212,
245,Noh K'uh,destino,Tenosique,cultura,71,1.1,303,17.103873,-91.619645,
246,La Punta,destino,Tenosique,cultura,103,1.4,497,17.120974,-91.632716,
247,Tzunun,destino,Tenosique,cultura,87,2.1,401,17.117219,-91.624369,
248,Tz'ib'ana,destino,Tenosique,cultura,101,1.9,487,17.125682,-91.629968,
249,Munic Ná,destino,Tenosique,cultura,83,2.4,376,17.129749,-91.636838,
250,Xtabay,destino,Tenosique,cultura,79,1.2,355,17.128206,-91.63708,
251,Chak Ak Tun,destino,Tenosique,cultura,82,2.2,370,17.125701,-91.636586,
252,Kuh Nabaat,destino,Tenosique,cultura,95,1.6,447,17.125869,-91.621536,
253,Kakoch,destino,Tenosique,cultura,36,1.9,89,17.135904,-91.634681,
254,Mensabak,destino,Tenosique,cultura,90,1.1,417,17.13788,-91.638966,
255,Sakapuk,destino,Tenosique,cultura,85,2.1,390,17.120791,-91.615847,
256,Sak Tat,destino,Tenosique,cultura,57,1.6,216,17.11872,-91.612288,
257,Kinbor,destino,Tenosique,cultura,72,1.6,307,17.112372,-91.613804,
258,Joton K'ak,destino,Tenosique,cultura,51,2.1,181,17.110396,-91.610484,
259,Aj Chaj Chi,destino,Tenosique,cultura,86,2.3,396,17.111954,-91.614958,
260,Talismán,destino,Tapachula,naturaleza,132,3.9,353,14.960057,-92.151446,
261,Tuxtla Chico Chiapas,destino,Tapachula,naturaleza,144,2.5,396,14.912143,-92.197648,
262,Col. 16 de Septiembre,destino,Tapachula,fotografia,4,0.6,101,14.897224,-92.260252,
263,Three Monkeys,destino,San Cristobal de las Casas,fotografia,10,1.2,169,16.741731,-92.63325,
264,Museo IK,destino,Palenque,cultura,87,1.5,402,17.508757,-91.980331,
265,Espacio Taxcalate,destino,San Cristobal de las Casas,descanso,74,1.3,324,16.740289,-92.632947,
266,Balneario Rebeldia,destino,Las Margaritas,descanso,72,1.2,310,16.688376,-92.01822,
267,Arbol Gigante,destino,Chiapa de Corzo,naturaleza,66,3.8,108,16.7061,-93.017457,
268,Museo De Laca,destino,Chiapa de Corzo,cultura,40,1.4,114,16.706349,-93.018031,
269,Museo Franco Lázaro Gómez,destino,Chiapa de Corzo,cultura,31,1.7,57,16.706193,-93.017809,
270,Mirador Madrón,destino,San Cristobal de las Casas,fotografia,6,0.7,120,16.732354,-92.603326,
271,Centro Ecoturístico Cascadas El Chiflón,destino,Tzimol,naturaleza,133,4.0,355,16.188781,-92.275231,
272,Parque Ecoturístico El Arcotete,destino,San Cristobal de las Casas,naturaleza,199,3.5,599,16.725721,-92.584872,
273,Parque Ecoturístico Cañón Río La Venta,destino,Jiquipilas,aventura,171,2.2,495,16.758652,-93.524994,
274,Centro Ecoturístico Cascada El Chorreadero,destino,Chiapa de Corzo,naturaleza,184,2.6,541,16.75475,-92.971546,
275,Orquídeas Moxviquil,destino,San Cristobal de las Casas,naturaleza,101,2.5,606,16.754193,-92.633087,
276,Cancha La Pista,destino,Simojovel,naturaleza,143,3.7,391,17.169472,-92.685755,
277,Street-art,destino,San Cristobal de las Casas,fotografia,44,1.3,541,16.740936,-92.630834,
278,Galería Studio Cerrillo,destino,San Cristobal de las Casas,cultura,109,2.0,1097,16.742174,-92.633969,
279,María Adelina Flores,destino,San Cristobal de las Casas,fotografia,17,0.7,242,16.741254,-92.636034,
280,Casa Museo Angel Albino Corzo,destino,Chiapa de Corzo,cultura,61,2.1,240,16.709319,-93.017082,
281,Temazcal Relajante Las Flores,destino,Zinacantlan,naturaleza,122,3.6,317,16.725126,-92.694947,
282,Parque de la Albania Alta,destino,Tuxtla Gutierrez,naturaleza,122,3.5,316,16.77591,-93.107129,
283,Columna de la Infamia,destino,Tenejapa,cultura,81,1.9,366,16.988098,-92.515933,
284,Parque Ecoturístico Montetik,destino,San Cristobal de las Casas,naturaleza,98,3.5,229,16.696742,-92.607758,
285,Quisco Ejido Chajul y Casa Ejidal,destino,Las Margaritas,naturaleza,97,2.9,225,16.11552,-90.926085,
286,Mirador del Corona,destino,Tzimol,fotografia,11,1.1,171,16.194944,-92.265623,
287,Parque Central Navenchauc,destino,Zinacantlan,naturaleza,166,3.9,478,16.734764,-92.78034,
288,Entrada del COBACH,destino,Huehuetan,naturaleza,116,2.4,293,15.024392,-92.386561,
289,Parque de la Vista Hermosa,destino,Tuxtla Gutierrez,naturaleza,57,3.1,77,16.764711,-93.122547,
290,Monumento del Quesillo,destino,Pijijiapan,cultura,93,1.4,438,15.689799,-93.205979,
291,Monumento Yo soy Chiapas,destino,Tuxtla Gutierrez,fotografia,47,1.2,576,16.761405,-93.095296,
292,Monumento a la Cultura Chiapaneca,destino,Tuxtla Gutierrez,fotografia,33,1.5,423,16.761533,-93.097581,
293,Monumento al Teniente Piloto Aviador José Espinosa Fuentes,destino,Tuxtla Gutierrez,fotografia,37,1.3,460,16.757673,-93.131992,
294,Monumento al Rey Pakal,destino,Tuxtla Gutierrez,fotografia,34,0.7,430,16.754126,-93.131048,
295,Bienvenidos a Tuxtla Gutiérrez,destino,Tuxtla Gutierrez,naturaleza,79,2.7,159,16.742888,-93.070495,
296,Kukulcán,destino,San Cristobal de las Casas,fotografia,7,1.3,127,16.690959,-92.602237,
297,Street Art,destino,San Cristobal de las Casas,naturaleza,177,4.0,518,16.742106,-92.636054,
298,Gaia Glamping,destino,San Cristobal de las Casas,cultura,110,1.8,541,16.733573,-92.608519,
299,Jardín Botánico y Orquidario Comitán,destino,Comitan de Dominguez,naturaleza,150,2.2,418,16.265905,-92.110656,
300,Parque Muul-Ha,destino,Tuxtla Gutierrez,naturaleza,142,3.8,389,16.729029,-93.150631,
301,Cerro Mactumatza,destino,Tuxtla Gutierrez,naturaleza,162,2.2,462,16.725321,-93.147374,
302,Campo La Granja,destino,Bochil,naturaleza,161,4.0,458,16.999532,-92.899148,
303,Cerro El Calvario,destino,Pueblo Nuevo Solistahaucan,naturaleza,74,3.8,140,17.180927,-93.11585,
304,Mirador Chiapas,destino,Tuxtla Gutierrez,fotografia,42,1.2,515,16.828799,-93.095174,
305,mirador Mauricio,destino,Berriozabal,fotografia,12,1.0,189,16.859086,-93.194815,
306,Zona arqueológica de Tenam Puente,destino,La Trinitaria,cultura,36,1.1,2575,16.140923,-92.106196,https://upload.wikimedia.org/wikipedia/commons/thumb/5/58/Estructura_7-Tenam_Puente.JPG/960px-Estructura_7-Tenam_Puente.JPG
307,Plaza Central Miguel Hidalgo,destino,Tapachula,naturaleza,71,3.8,127,14.91048,-92.264725,
308,Zona Arqueologica Palenque,destino,Palenque,cultura,108,2.1,9020,17.484065,-92.044996,https://upload.wikimedia.org/wikipedia/commons/9/90/Palenque_Collage.jpg
309,Plazuela de La Merced,destino,San Cristobal de las Casas,naturaleza,192,2.3,572,16.736059,-92.641598,
310,Plazuela de San Ramón,destino,San Cristobal de las Casas,naturaleza,91,2.9,200,16.737838,-92.649947,
311,Museo Chiapas de Ciencia y Tecnologia (MUCH),destino,Tuxtla Gutierrez,cultura,97,2.0,462,16.722666,-93.091705,
312,Zócalo,destino,Palenque,naturaleza,134,2.7,359,17.50893,-91.980991,
313,"Parque Recreativo ""Los Cerritos""",destino,Tapachula,naturaleza,52,3.2,59,14.885297,-92.293484,
314,Parque Central Miguel Hidalgo,destino,Tapachula,naturaleza,94,3.2,213,14.940638,-92.16876,
315,Plan de Ayutla,destino,Tenosique,cultura,55,1.8,1414,16.784285,-91.280547,
316,Ruinas el Lagartero,destino,La Independencia,cultura,117,2.2,585,15.827365,-91.883903,
317,Zona arqueológica de Yaxchilan,destino,Tenosique,cultura,37,1.3,2687,16.89878,-90.965702,https://upload.wikimedia.org/wikipedia/commons/thumb/c/c9/Structure_33_..._%28Photo_by_JC_PLE%29_%2849536362547%29.jpg/960px-Structure_33_..._%28Photo_by_JC_PLE%29_%2849536362547%29.jpg
318,Parque central Benito Juárez,destino,Comitan de Dominguez,naturaleza,119,3.9,303,16.252328,-92.135458,
319,Misión Surf México,destino,Tapachula,naturaleza,178,3.5,520,14.733133,-92.436353,
320,Parque del Oriente,destino,Tuxtla Gutierrez,naturaleza,110,3.1,271,16.7604,-93.089806,
321,Ex Convento de Santo Domingo,destino,San Cristobal de las Casas,cultura,74,1.6,322,16.741914,-92.637304,
322,Templo De San Sebastián,destino,Chiapa de Corzo,cultura,79,1.6,352,16.70637,-93.011861,
323,Zona arqueológica de Bonampak,destino,Tenosique,cultura,42,2.1,3077,16.703128,-91.063568,https://upload.wikimedia.org/wikipedia/commons/thumb/6/64/Zona_arqueologica_Bonampak_01_ID_ZA30_DBannasch.jpg/960px-Zona_arqueologica_Bonampak_01_ID_ZA30_DBannasch.jpg
324,Izapa,destino,Tapachula,cultura,30,2.2,2057,14.92835,-92.176903,https://upload.wikimedia.org/wikipedia/commons/thumb/a/a0/Vista_de_las_pir%C3%A1mides_de_Izapa.jpg/960px-Vista_de_las_pir%C3%A1mides_de_Izapa.jpg
325,Toniná,destino,Ocosingo,cultura,50,1.9,3836,16.900385,-92.00976,https://upload.wikimedia.org/wikipedia/commons/thumb/f/fb/Monta%C3%B1a_Prehisp%C3%A1nica_-_Tonin%C3%A1.jpg/960px-Monta%C3%B1a_Prehisp%C3%A1nica_-_Tonin%C3%A1.jpg
326,Museo del Sitio Palenque,destino,Palenque,cultura,43,1.7,130,17.488464,-92.041969,
327,Juego de Pelota,destino,Palenque,cultura,95,1.7,451,17.484953,-92.045259,
328,Palacio,destino,Palenque,cultura,65,1.4,266,17.484067,-92.046168,
329,Templo XV,destino,Palenque,cultura,53,2.4,192,17.483162,-92.04564,
330,Templo XIV,destino,Palenque,cultura,112,2.4,553,17.483014,-92.045767,
331,Templo VII (Del Conde),destino,Palenque,cultura,64,2.4,262,17.485575,-92.045622,
332,Grupo Norte,destino,Palenque,cultura,78,2.1,346,17.485729,-92.045119,
333,Templo X,destino,Palenque,cultura,100,1.1,480,17.48536,-92.046187,
334,Templo XII,destino,Palenque,cultura,62,1.5,249,17.483866,-92.047503,
335,Templo XIII,destino,Palenque,cultura,45,1.9,144,17.483731,-92.047265,
336,Templo de Calavera,destino,Palenque,cultura,41,2.4,120,17.484004,-92.047753,
337,Templo de la Cruz,destino,Palenque,cultura,92,2.2,431,17.482916,-92.04523,
338,Templo de la Cruz Foliada,destino,Palenque,cultura,59,2.0,232,17.482328,-92.045144,
339,Templo de las Inscripciones,destino,Palenque,cultura,64,2.3,5041,17.483605,-92.046947,
340,Templo del Sol,destino,Palenque,cultura,116,1.5,579,17.482863,-92.045892,
341,Parque Las palmas,destino,Tuxtla Gutierrez,naturaleza,74,3.3,138,16.752312,-93.088876,
342,Parque Electricistas,destino,Tuxtla Gutierrez,naturaleza,89,2.0,195,16.752118,-93.083621,
343,Parque Central,destino,Villaflores,naturaleza,89,2.2,194,16.235139,-93.267268,
344,Plaza Principal,destino,Escuintla,naturaleza,92,2.2,206,15.349774,-92.544288,
345,Miguel Hidalgo,destino,Tapachula,naturaleza,195,3.9,583,14.920309,-92.378827,
346,Parque Ecologico El Zapote,destino,Villaflores,naturaleza,199,2.8,598,16.350187,-93.310185,
347,Emiliano Zapata,destino,Villaflores,naturaleza,176,3.4,515,16.231784,-93.272367,
348,Parque de la Marimba,destino,Tuxtla Gutierrez,naturaleza,136,2.3,368,16.75533,-93.123389,
349,Grutas de Guaymas,destino,Suchiapa,naturaleza,143,2.6,392,16.468618,-93.243465,
350,Salto Chiquito,destino,Tonala,naturaleza,164,3.8,470,16.325735,-93.572334,
351,Ecoturismo Laguna encantada,destino,Pueblo Nuevo Solistahaucan,naturaleza,171,2.2,494,17.132298,-93.163453,
352,Campo deportivo,destino,Pueblo Nuevo Solistahaucan,naturaleza,135,2.0,362,17.222128,-93.16236,
353,Malecon,destino,Palenque,familiar,150,2.2,277,17.728558,-92.015706,
354,Reserva Ecológica Moxviquil,destino,San Cristobal de las Casas,naturaleza,154,2.9,432,16.759,-92.636559,
355,Parque Deportivo,destino,Ostuacan,naturaleza,194,2.1,579,17.188724,-93.607168,
356,Parque Recreativo Ya'Ax-Na,destino,Comitan de Dominguez,naturaleza,134,3.6,359,16.223823,-92.130737,
357,Parque Central Ciudad Hidalgo,destino,Tapachula,naturaleza,94,2.5,214,14.679739,-92.150279,
358,Edificio 1 - Edificio de las Pinturas,destino,Tenosique,cultura,119,1.9,597,16.703526,-91.065122,
359,Escala,destino,Tenosique,cultura,104,1.4,503,16.703471,-91.064861,
360,Acrópolis,destino,Tenosique,cultura,57,2.1,215,16.703424,-91.06502,
361,Templo,destino,Tenosique,cultura,45,2.2,142,16.703347,-91.064701,
362,Edificio 33,destino,Tenosique,cultura,95,1.1,448,16.898664,-90.964791,
363,Edificio 12,destino,Tenosique,cultura,96,1.9,455,16.899909,-90.96427,
364,Edificio 14 (Juego de Pelota),destino,Tenosique,cultura,63,1.2,256,16.899886,-90.964507,
365,Pirámide,destino,Ocosingo,cultura,88,1.5,405,16.902152,-92.009522,
366,Templo de la guerra cósmica,destino,Ocosingo,cultura,99,1.3,476,16.898822,-92.010329,
367,Edificio 16,destino,Tenosique,cultura,39,1.2,110,16.900272,-90.965065,
368,Edificio 39,destino,Tenosique,cultura,108,1.4,526,16.897015,-90.966676,
369,Edificio 40,destino,Tenosique,cultura,43,2.2,133,16.89676,-90.96664,
370,Edificio 41,destino,Tenosique,cultura,50,1.8,174,16.896534,-90.966535,
371,El Laberinto - Edificio 19,destino,Tenosique,cultura,95,1.4,450,16.899979,-90.965718,
372,Edificio 17,destino,Tenosique,cultura,114,2.3,565,16.900434,-90.965225,
373,Edificio 20,destino,Tenosique,cultura,48,1.6,163,16.898629,-90.963922,
374,Edificio 21,destino,Tenosique,cultura,54,1.5,200,16.898918,-90.964061,
375,Edificio 22,destino,Tenosique,cultura,37,1.3,95,16.899231,-90.96428,
376,Edificio23,destino,Tenosique,cultura,47,1.8,157,16.899402,-90.964459,
377,Edificio 24,destino,Tenosique,cultura,40,1.6,114,16.899503,-90.964493,
378,San Cristóbal de las Casas;Kiosco Central,destino,San Cristobal de las Casas,naturaleza,147,3.8,408,16.73701,-92.637573,
379,Centro Ecoturístico Cascadas de Misol-Ha,destino,Palenque,naturaleza,156,3.3,441,17.390194,-92.001553,
380,Parque Central de la Col. Juan de Grijalva,destino,Chiapa de Corzo,naturaleza,118,2.7,300,16.728274,-92.978392,
381,Zona arqueológica de Chinkultic,destino,La Independencia,cultura,75,1.1,6042,16.126273,-91.783847,
382,Zona arqueológica de Iglesia Vieja o Los Horcones,destino,Tonala,cultura,70,1.1,5639,16.131338,-93.747249,
383,Zona Arqueológica de Chiapa de Corzo,destino,Chiapa de Corzo,cultura,33,1.5,2333,16.702975,-93.003694,
384,Pirámide del Dios del Viento,destino,La Independencia,cultura,76,1.3,334,15.82759,-91.883835,
385,La Pirámide de las Tumbas,destino,La Independencia,cultura,88,1.4,408,15.828138,-91.884001,
386,La Pirámide de las Vasijas,destino,La Independencia,cultura,99,2.5,475,15.828352,-91.883395,
387,La Pirámide del Guajil,destino,La Independencia,cultura,41,1.8,119,15.827801,-91.883332,
388,Centro Ecoturístico Lagos de Colón,destino,La Independencia,naturaleza,147,2.8,408,15.829181,-91.886753,
389,Convento de San José Coneta,destino,La Independencia,cultura,99,1.5,473,15.894699,-91.940385,
390,Parque de la Mujer Soldado,destino,Tuxtla Gutierrez,naturaleza,139,3.7,379,16.759302,-93.09187,
391,Valdivia,destino,Mapastepec,naturaleza,140,2.8,382,15.502841,-92.949533,
392,Parque Col Pedregal de San Angel,destino,Tapachula,naturaleza,136,2.6,366,14.882775,-92.266657,
393,Parque Central de Copoya,destino,Tuxtla Gutierrez,naturaleza,161,2.3,457,16.714159,-93.118274,
394,Parque Central Arriaga,destino,Arriaga,naturaleza,114,3.1,288,16.235608,-93.899224,
395,"Parque ""Bosque la Concordia""",destino,Tapachula,naturaleza,86,3.0,184,14.894678,-92.251053,
396,"Parque ""Los Laureles""",destino,Tapachula,naturaleza,139,3.8,379,14.893281,-92.253195,
397,Mirador Manos que imploran.,destino,Tuxtla Gutierrez,naturaleza,125,3.9,327,16.912578,-93.10246,
398,La Peña,destino,Huehuetan,naturaleza,128,3.9,338,15.116032,-92.231593,
399,Parque Caña Hueca,destino,Tuxtla Gutierrez,naturaleza,183,3.1,539,16.757988,-93.142413,
400,Convivencia Infantil,destino,Tuxtla Gutierrez,naturaleza,113,3.2,281,16.759791,-93.103537,
401,Museo de Paleontología,destino,Tuxtla Gutierrez,cultura,86,1.9,397,16.759375,-93.105859,
402,Parque de los Laureles,destino,Tuxtla Gutierrez,naturaleza,82,3.1,168,16.761727,-93.165309,
403,Parque Joyyo Mayu,destino,Tuxtla Gutierrez,naturaleza,139,2.2,379,16.761227,-93.143813,
404,Parque San Antonio,destino,Tuxtla Gutierrez,naturaleza,103,3.5,246,16.771765,-93.114144,
405,Parque Morelos Bicentenario,destino,Tuxtla Gutierrez,naturaleza,61,2.7,90,16.753813,-93.127848,
406,Parque de la Juventud,destino,Tuxtla Gutierrez,naturaleza,69,3.4,120,16.754609,-93.127805,
407,Cinco de Mayo,destino,Tuxtla Gutierrez,naturaleza,184,2.9,542,16.752841,-93.106421,
408,Parque Popular,destino,Tuxtla Gutierrez,naturaleza,90,2.6,199,16.733317,-93.1172,
409,Rotonda de la Marimba,destino,Venustiano Carranza,cultura,73,1.7,317,16.337367,-92.558708,
410,Museo de Antropología e Historia,destino,Tuxtla Gutierrez,cultura,53,1.6,192,16.759801,-93.106847,
411,Parque Niño de Atocha,destino,Tuxtla Gutierrez,naturaleza,92,2.5,206,16.763008,-93.118615,
412,Parque de Soconusco,destino,Acapetahua,naturaleza,161,4.0,459,15.3154,-92.726641,
413,Parque Acuático Yolonam,destino,Tapachula,familiar,238,2.7,564,14.912043,-92.199015,
414,Parque Jardines del Pedregal,destino,Tuxtla Gutierrez,naturaleza,103,3.3,247,16.769916,-93.088926,
415,Parque central,destino,Berriozabal,naturaleza,111,3.1,275,16.800007,-93.27256,
416,Museo Zoque de Copoya,destino,Tuxtla Gutierrez,cultura,46,1.8,148,16.714147,-93.117907,
417,area verde,destino,Tonala,naturaleza,93,2.1,209,16.095086,-93.757184,
418,Parque de San Jose Teran,destino,Tuxtla Gutierrez,naturaleza,146,2.5,404,16.748631,-93.180447,
419,Plaza de Santo Domingo,destino,Tuxtla Gutierrez,naturaleza,84,2.9,176,16.755211,-93.116605,
420,Plaza de Santa Lucia,destino,San Cristobal de las Casas,naturaleza,136,3.6,367,16.732115,-92.636731,
421,Parque Juan Sabines,destino,Bochil,naturaleza,159,2.6,451,16.997051,-92.897157,
422,Parque Morelos,destino,Bochil,naturaleza,196,2.0,588,16.994693,-92.895151,
423,"Parque ""Bancrisa""",destino,Tapachula,naturaleza,138,2.9,374,14.890663,-92.269983,
424,Parque Bicentenario Par Vial,destino,Tapachula,naturaleza,72,2.2,132,14.888588,-92.26588,
425,Parque ecologico Tapachula,destino,Tapachula,naturaleza,119,2.7,303,14.883779,-92.292254,
426,Parque Akishino,destino,Tapachula,naturaleza,177,3.5,517,14.890058,-92.296461,
427,Parque Akishino 2da Plaza,destino,Tapachula,naturaleza,188,2.6,556,14.890591,-92.295624,
428,Zona boscosa 24 Pte,destino,Tapachula,naturaleza,195,2.4,582,14.898373,-92.27663,
429,Museo Botánico,destino,Tuxtla Gutierrez,cultura,119,1.2,597,16.75903,-93.10816,
430,"Parque ""Armonía""",destino,Tapachula,naturaleza,79,3.6,157,14.903285,-92.254351,
431,"Parque ""Cireba""",destino,Tapachula,naturaleza,95,2.9,216,14.890906,-92.248615,
432,Fuente Atzacua,destino,Tapachula,naturaleza,95,3.5,216,14.898033,-92.242888,
433,parque maya,destino,Ocozocoautla,naturaleza,158,3.0,449,16.736757,-93.314068,
434,Parque Centenario de la Fuerza Aérea,destino,Tuxtla Gutierrez,naturaleza,178,3.4,519,16.758332,-93.132728,
435,Parque De La Primavera Pumpushuti,destino,Tuxtla Gutierrez,naturaleza,69,2.5,119,16.746951,-93.076617,
436,Templo XIX,destino,Palenque,cultura,61,1.2,242,17.481267,-92.046031,
437,Templo de los Guerreros (XVII),destino,Palenque,cultura,86,2.0,396,17.48191,-92.045616,
438,Templo XXI,destino,Palenque,cultura,61,1.2,240,17.482227,-92.046119,
439,Grupo I,destino,Palenque,cultura,63,1.1,253,17.486151,-92.044034,
440,Grupo II,destino,Palenque,cultura,84,1.4,380,17.486314,-92.044304,
441,Grupo de los Murciélagos,destino,Palenque,cultura,47,1.5,159,17.486233,-92.042629,
442,Grupo B,destino,Palenque,cultura,100,1.2,480,17.485659,-92.042771,
443,Templo XX,destino,Palenque,cultura,84,1.8,385,17.48175,-92.046276,
444,Parque - Malecón,destino,Tapachula,naturaleza,167,3.8,481,14.915438,-92.269689,
445,Malecón Puerto Madero,destino,Tapachula,naturaleza,160,3.3,456,14.711907,-92.417809,
446,Museo Juan Sabines,destino,Tuxtla Gutierrez,cultura,109,1.8,536,16.750041,-93.072482,
447,parque carmen,destino,Tapachula,naturaleza,104,3.9,248,14.888238,-92.295976,
448,Parque de Terán,destino,Tuxtla Gutierrez,naturaleza,77,3.1,149,16.753598,-93.162672,
449,Feria Mesoamericana,destino,Tapachula,eventos,181,3.1,377,14.878425,-92.2913,
450,parque de la iglesia del rosario,destino,San Cristobal de las Casas,naturaleza,192,4.0,573,16.741509,-92.625303,
451,Parque Central Catedral,destino,Tuxtla Gutierrez,naturaleza,107,3.6,260,16.753075,-93.115661,
452,Parque Tulipanes conmemoración de RCM,destino,Tapachula,naturaleza,95,3.9,215,14.875918,-92.288658,
453,"Parque ecologico ""Del Café""",destino,Tapachula,naturaleza,59,3.1,85,14.949807,-92.252986,
454,"Parque mirador ""El rinconcito""",destino,Tapachula,naturaleza,83,2.9,174,14.941751,-92.254577,
455,Malecon Seccion 1 (Parque),destino,Tapachula,naturaleza,100,3.2,233,14.90997,-92.27233,
456,Parque 5 de febrero,destino,Tapachula,naturaleza,103,3.3,247,14.926162,-92.258305,
457,Parque infantil privado de la Iglesia,destino,Tapachula,naturaleza,114,3.1,284,14.9255,-92.258541,
458,Parque De Hombres Ilustres,destino,Tuxtla Gutierrez,naturaleza,67,3.0,115,16.759543,-93.107219,
459,Parque de Niños,destino,Tuxtla Gutierrez,naturaleza,148,3.3,410,16.761487,-93.09973,
460,Unidad Deportiva Metapa de Dominguez,destino,Tapachula,naturaleza,61,3.9,91,14.836235,-92.20037,
461,Plazuela de la pilita,destino,Comitan de Dominguez,naturaleza,186,3.1,551,16.25585,-92.126741,
462,Parque de San Sebastian,destino,Comitan de Dominguez,naturaleza,104,3.1,250,16.247045,-92.131417,
463,Parque de San Jose,destino,Comitan de Dominguez,naturaleza,76,4.0,148,16.250106,-92.134678,
464,Parque de la Pila,destino,Comitan de Dominguez,naturaleza,180,3.0,529,16.255042,-92.133721,
465,Parque Recreativo de San Sebastian,destino,Comitan de Dominguez,naturaleza,153,2.8,427,16.246852,-92.132957,
466,Parque de Guadalupe,destino,Comitan de Dominguez,naturaleza,129,3.3,343,16.249958,-92.139776,
467,SEDEM,destino,San Cristobal de las Casas,naturaleza,161,2.4,458,16.728409,-92.64657,
468,Parque del Mariachi,destino,Tuxtla Gutierrez,naturaleza,167,3.9,479,16.746364,-93.114665,
469,Parquecito de la Zona Urbana,destino,Venustiano Carranza,naturaleza,76,3.3,146,16.342173,-92.555282,
470,Parque San Quintin Calcaneo,destino,Huixtla,naturaleza,168,2.4,485,15.214235,-92.577299,
471,Miramar,destino,Tuxtla Gutierrez,naturaleza,159,3.6,452,16.769012,-93.114909,
472,Las Canchitas,destino,Tuxtla Gutierrez,naturaleza,51,2.2,56,16.772397,-93.117869,
473,Parquecito de la entrada,destino,Tapachula,naturaleza,136,3.8,368,14.684245,-92.151269,
474,Parque La Cañada,destino,Tapachula,naturaleza,191,2.9,569,14.867912,-92.250968,
475,Parque Deportivo Parroquial Señor de Tila,destino,Simojovel,naturaleza,64,2.1,101,17.171937,-92.684982,
476,es un parque donde hay muchos juegos,destino,Zinacantlan,naturaleza,189,2.4,562,16.555822,-92.813186,
477,Parque 4ta Seccion,destino,Tuxtla Gutierrez,naturaleza,182,2.9,535,16.730746,-93.066418,
478,"Parque ""Velazco Suarez¨.",destino,San Cristobal de las Casas,naturaleza,194,3.1,579,16.739285,-92.648487,
479,Parque Central Ocosingo,destino,Ocosingo,naturaleza,178,3.3,521,16.908297,-92.094858,
480,estacionamiento con parque,destino,Pijijiapan,naturaleza,122,2.7,317,15.691662,-93.209792,
481,Parque Vega del Paso,destino,Venustiano Carranza,naturaleza,181,3.2,532,16.339316,-92.671178,
482,Calle Los Pinos,destino,Frontera Comalapa,cultura,87,1.1,403,15.707242,-92.058994,
483,Parque San Sebastian,destino,Ocosingo,naturaleza,184,2.0,541,16.90265,-92.100296,
484,Parque Benito Juárez,destino,Ocosingo,naturaleza,125,2.7,325,16.903024,-92.101543,
485,El Cerrito,destino,Venustiano Carranza,naturaleza,170,3.8,491,16.335209,-92.668947,
486,Museo del Café Chiapas,destino,Tuxtla Gutierrez,cultura,63,1.8,252,16.754444,-93.114125,
487,Parque de Santa Ana,destino,Suchiapa,naturaleza,98,3.9,229,16.623728,-93.10232,
488,Parque Nacional Cañón del Sumidero,destino,Tuxtla Gutierrez,aventura,124,3.1,322,16.838541,-93.094986,
489,Parque Ecoturístico Cañon del Sumidero,destino,Tuxtla Gutierrez,aventura,189,2.9,559,16.885193,-93.102578,
490,Reserva de la Biosfera Selva El Ocote,destino,Jiquipilas,naturaleza,137,2.2,6668,16.955049,-93.634022,
491,Reserva de la Biosfera La Encrucijada,destino,Acapetahua,naturaleza,170,3.1,490,15.196318,-92.927112,
492,Reserva de la Biosfera La Sepultura,destino,Arriaga,naturaleza,145,2.1,401,16.245298,-93.764642,
493,Reserva de la Biosfera El Triunfo,destino,Mapastepec,naturaleza,107,4.0,260,15.67908,-92.893024,
494,IMSS,destino,Tapachula,naturaleza,100,2.5,235,14.988805,-92.165879,
495,Gruta Ecoturistica Yaxal Juk-Pik,destino,Palenque,naturaleza,124,3.7,324,17.377446,-91.924936,
496,Water Blue,destino,Tapachula,familiar,99,3.4,112,15.001411,-92.163888,
497,Bosques de Comitán,destino,Comitan de Dominguez,naturaleza,93,3.9,208,16.23791,-92.158013,
498,Centro Ecoturístico Sima de las Cotorras,destino,Ocozocoautla,naturaleza,107,2.8,5082,16.807723,-93.47469,
499,Iglesia,destino,Tumbala,cultura,98,1.3,465,17.338247,-92.289677,
500,"Parque Central ""Fundadores""",destino,Las Margaritas,naturaleza,115,2.1,289,16.231553,-92.010687,
501,Paseo de las esculturas,destino,Tuxtla Gutierrez,fotografia,2,1.2,80,16.754429,-93.152762,
502,Teatro Hundido,destino,Tuxtla Gutierrez,eventos,127,3.3,333,16.754772,-93.152626,
503,CEDECO Estación Ferroviaria,destino,Tapachula,naturaleza,84,3.4,177,14.89857,-92.268357,
504,Unidad deportiva La Cebadilla,destino,Tapachula,naturaleza,124,3.6,322,14.878719,-92.262283,
505,Parque Ejidal,destino,Ostuacan,naturaleza,181,3.6,530,17.341281,-93.55285,
506,Campo Moscafrut,destino,Tapachula,naturaleza,164,2.3,468,14.829056,-92.196139,
507,Estacionamiento D. Metodos,destino,Tapachula,naturaleza,130,3.5,346,14.831336,-92.194118,
508,Embarcadero Cahuare,destino,Chiapa de Corzo,naturaleza,90,2.8,199,16.739746,-93.031263,
509,Parque las Ciénagas.,destino,San Cristobal de las Casas,naturaleza,191,2.2,570,16.743028,-92.649517,
510,Parque la Isla.,destino,San Cristobal de las Casas,naturaleza,151,4.0,420,16.741454,-92.645949,
511,Parque Terán II,destino,Tuxtla Gutierrez,naturaleza,54,3.8,65,16.76847,-93.161367,
512,Cráter del volcán Chichonal,destino,Ixtacomitan,naturaleza,153,3.7,430,17.36007,-93.229324,
513,Villa Trinidad,destino,Tapachula,naturaleza,192,2.1,572,14.98356,-92.156473,
514,Parque Niños Héroes,destino,Tapachula,naturaleza,147,3.9,407,14.897201,-92.260267,
515,Parque Juárez,destino,Pichucalco,naturaleza,145,2.6,398,17.607648,-93.193028,
516,Área de Protección de Flora y Fauna Cascadas de Agua Azul,destino,Ocosingo,naturaleza,88,2.6,191,17.262157,-92.117961,
517,Área de Protección de Flora y Fauna Nahá,destino,Tenosique,naturaleza,130,2.9,344,16.975681,-91.588836,
518,Área de Protección de Flora y Fauna Metzabok,destino,Tenosique,naturaleza,148,3.7,412,17.111488,-91.619748,
519,Monumento Natural Yaxchilán,destino,Tenosique,naturaleza,193,2.0,576,16.872401,-90.978321,
520,Área de Protección de Flora y Fauna Chan-Kin,destino,Tenosique,naturaleza,148,3.5,410,16.7097,-90.77052,
521,Monumento Natural Bonampak,destino,Tenosique,naturaleza,170,2.0,493,16.703194,-91.087084,
522,Santuario Playa Puerto Arista,destino,Tonala,naturaleza,85,2.1,180,15.929819,-93.813906,
523,Reserva Ecológica el Silencio,destino,Tapachula,naturaleza,153,3.8,429,14.679093,-92.231772,
524,Las Nubes,destino,Mapastepec,naturaleza,151,3.1,421,15.586621,-92.934439,
525,El Paraíso del Jaguar,destino,Pijijiapan,naturaleza,116,3.3,295,15.843031,-93.005702,
526,Grutas de Montecristo,destino,Juchitan,naturaleza,120,2.7,307,16.379168,-93.096918,
527,Reserva Privada Los Bordos,destino,Jiquipilas,naturaleza,151,2.8,420,16.809733,-93.557946,
528,Barranca Honda,destino,Jiquipilas,aventura,150,2.5,419,16.525438,-93.418306,
529,Finca El Corinto,destino,Ocozocoautla,naturaleza,165,2.5,472,16.826608,-93.502275,
530,Reserva Las Guacamayas,destino,Las Margaritas,naturaleza,65,2.9,105,16.257625,-90.827994,
531,Área de Conservación La Caverna,destino,Las Margaritas,naturaleza,74,2.1,140,16.228836,-91.363578,
532,Zona Sujeta a Conservación Ecológica Cordón Pico El Loro-Paxtal,destino,Siltepec,naturaleza,51,3.2,55,15.513426,-92.485159,
533,Área Natural Típica La Concordia Zaragoza,destino,Angel Albino Corzo,naturaleza,114,3.7,288,15.95876,-92.613366,
534,Plaza del Pueblo,destino,San Cristobal de las Casas,naturaleza,166,3.9,476,16.720844,-92.602745,
535,Zona Sujeta a Conservación Ecológica Huitepec-Los Alcanfores,destino,Zinacantlan,naturaleza,80,2.5,162,16.743019,-92.682872,
536,Zona Sujeta a Conservación Ecológica El Cabildo Amatal,destino,Tapachula,naturaleza,96,3.2,219,14.762722,-92.465826,
537,Zona Sujeta a Conservación Ecológica El Gancho Murillo,destino,Tapachula,naturaleza,63,3.0,99,14.608621,-92.307068,
538,Zona Sujeta a Conservación Ecológica La Pera,destino,Berriozabal,naturaleza,143,3.9,394,16.888248,-93.34303,
539,Parque Educativo Laguna Bélgica,destino,Ocozocoautla,naturaleza,78,3.0,154,16.881878,-93.456075,
540,Zona Sujeta a Conservación Ecológica Cerro Meyapac,destino,Ocozocoautla,naturaleza,99,2.1,230,16.768873,-93.36197,
541,Zona Sujeta a Conservación Ecológica Tzama Cun Pümy,destino,Pueblo Nuevo Solistahaucan,naturaleza,55,2.9,71,17.190039,-93.126703,
542,Área Natural y Típica Bosques de Coníferas Chanal,destino,Amatenango del Valle,naturaleza,177,2.6,517,16.555321,-92.192113,
543,Parque Estatal La Primavera,destino,La Trinitaria,naturaleza,167,3.0,480,16.082841,-92.171492,
544,Reserva Estatal La Lluvia,destino,Villaflores,naturaleza,51,2.5,53,16.403663,-93.222397,
545,Zona Sujeta a Conservación Ecológica El Canelar,destino,Juchitan,naturaleza,130,2.9,345,16.52286,-92.893679,
546,Reserva Estatal El Zapotal,destino,Tuxtla Gutierrez,naturaleza,160,3.8,453,16.724041,-93.095363,
547,Zona Sujeta a Conservación Ecológica Corredor Cerro Mactumatzá - Meseta de Copoya,destino,Tuxtla Gutierrez,naturaleza,64,3.8,102,16.691049,-93.103661,
548,Zona Sujeta a Conservación Ecológica Rancho Nuevo,destino,San Cristobal de las Casas,naturaleza,102,2.5,244,16.646728,-92.573777,
549,Parque Ecoturístico Grutas de Rancho Nuevo,destino,San Cristobal de las Casas,naturaleza,64,3.7,101,16.671015,-92.583385,
550,Centro Ecoturístico Grutas del Mamut,destino,San Cristobal de las Casas,naturaleza,152,3.0,426,16.741676,-92.585908,
551,Zona Sujeta a Conservación Ecológica El Recreo,destino,San Cristobal de las Casas,naturaleza,101,2.8,240,16.615015,-92.52052,
552,Reserva Ecológica Huitepec,destino,San Juan Chamula,naturaleza,178,2.1,520,16.751275,-92.682355,
553,Reserva Biótica Gertrude Duby,destino,San Cristobal de las Casas,naturaleza,83,2.2,174,16.742896,-92.598928,
554,Zona Sujeta a Conservación Ecológica Humedales de Montaña María Eugenia,destino,San Cristobal de las Casas,aventura,91,2.6,201,16.70997,-92.623258,
555,Zona Sujeta a Conservación Ecológica Humedales de Montaña La Kisst,destino,San Cristobal de las Casas,aventura,188,2.0,559,16.721763,-92.644464,
556,Reserva Montecielo,destino,Chiapa de Corzo,naturaleza,76,2.2,148,16.676286,-93.054946,
557,Zona Sujeta a Conservación Ecológica Finca Santa Ana,destino,Pichucalco,naturaleza,52,2.7,60,17.581917,-93.050229,
558,Zona Sujeta a Conservación Ecológica Sistema Lagunar Catazajá,destino,Palenque,naturaleza,97,2.9,222,17.830067,-91.952325,
559,Zona Sujeta a Conservación Ecológica Humedales La Libertad,destino,Palenque,naturaleza,154,3.3,431,17.645532,-91.714858,
560,Parque Estatal de la Sierra de Tabasco,destino,San Fernando,naturaleza,173,2.0,502,17.506049,-92.882,
561,Acrópolis Sur,destino,Tenosique,cultura,96,2.1,456,16.896736,-90.966647,
562,Parque Rafael Pascacio Gamboa,destino,Reforma,naturaleza,123,2.7,321,17.91611,-93.26938,
563,Terreno en venta,destino,Reforma,naturaleza,131,3.8,350,17.918663,-93.265069,
564,"Zona verde, Zona con muchos arboles",destino,Tapachula,naturaleza,115,3.7,288,14.885834,-92.265106,
565,Parque Acuático Lu'um Ha Y Villas,destino,Tapachula,familiar,181,3.7,838,14.829814,-92.337669,
566,Parque Industrial Los Rios,destino,Tapachula,naturaleza,64,3.6,103,14.668229,-92.165187,
567,Museo Manuel K'ulub,destino,Tenejapa,cultura,90,1.3,418,16.789621,-92.34477,
568,Parque Tigrilla,destino,Angel Albino Corzo,naturaleza,84,3.4,176,15.9871,-92.851432,
569,Parque Tuchtlán,destino,Tuxtla Gutierrez,naturaleza,168,2.1,484,16.759921,-93.146719,
570,Paseo El Sabinal,destino,Tuxtla Gutierrez,naturaleza,181,3.3,532,16.759119,-93.126895,
571,Parque el magueyito,destino,Tuxtla Gutierrez,naturaleza,107,4.0,259,16.75921,-93.125999,
572,Poza Azul,destino,Salto de Agua,naturaleza,93,2.1,207,17.557797,-92.352363,
573,Parque la Hacienda,destino,Tuxtla Gutierrez,naturaleza,164,2.4,471,16.762794,-93.134309,
574,Area verde con bancas,destino,Tuxtla Gutierrez,naturaleza,115,2.9,291,16.763637,-93.133458,
575,Parque Xamaipak,destino,Tuxtla Gutierrez,naturaleza,59,3.0,85,16.753236,-93.131077,
576,Parque del Pedaleo,destino,Tuxtla Gutierrez,naturaleza,106,3.7,255,16.759774,-93.149044,
577,Parque San José Chapultepec,destino,Tuxtla Gutierrez,naturaleza,133,2.2,357,16.768501,-93.158426,
578,Parque de La Unidad Chapaneca,destino,Tuxtla Gutierrez,naturaleza,162,2.8,463,16.765456,-93.084716,
579,Parque de la Unidad,destino,Tuxtla Gutierrez,naturaleza,74,3.3,140,16.758647,-93.073133,
580,"Zona Sujeta a Conservación Ecológica ""La Ciénega""",destino,Comitan de Dominguez,naturaleza,127,2.4,333,16.273423,-92.112869,
581,Zona Arqueológica de Palenque,destino,Palenque,cultura,90,3.5,9500,17.4838,-92.0458,https://upload.wikimedia.org/wikipedia/commons/thumb/5/54/Palenque_-_Temple_of_the_Inscriptions.jpg/800px-Palenque_-_Temple_of_the_Inscriptions.jpg
582,Cascada de Agua Azul,destino,Tumbalá,naturaleza,60,3.0,8200,17.2589,-92.1131,https://upload.wikimedia.org/wikipedia/commons/thumb/1/15/Cascadas_de_Agua_Azul.jpg/800px-Cascadas_de_Agua_Azul.jpg
583,Cascada Misol-Ha,destino,Tumbalá,naturaleza,50,1.5,6800,17.3577,-92.0998,https://upload.wikimedia.org/wikipedia/commons/thumb/4/4e/Misol-Ha_waterfall.jpg/800px-Misol-Ha_waterfall.jpg
584,Cascada El Chiflón,destino,Tzimol,naturaleza,80,3.0,7000,16.0894,-92.3006,https://upload.wikimedia.org/wikipedia/commons/thumb/e/ee/El_Chifl%C3%B3n.jpg/800px-El_Chifl%C3%B3n.jpg
585,Centro Histórico de San Cristóbal de las Casas,destino,San Cristobal de las Casas,cultura,0,3.0,9800,16.737,-92.6376,https://upload.wikimedia.org/wikipedia/commons/thumb/2/24/San_Cristobal_de_las_Casas_Cathedral.jpg/800px-San_Cristobal_de_las_Casas_Cathedral.jpg
586,Lago de Miramar,destino,Ocosingo,naturaleza,120,5.0,4500,16.4147,-91.7978,https://upload.wikimedia.org/wikipedia/commons/thumb/8/87/Lago_Miramar_Chiapas.jpg/800px-Lago_Miramar_Chiapas.jpg
587,Selva Lacandona — Río Lacanjá,destino,Ocosingo,aventura,350,6.0,3800,16.75,-91.05,https://upload.wikimedia.org/wikipedia/commons/thumb/e/e5/Lacandon_jungle.jpg/800px-Lacandon_jungle.jpg
588,Yaxchilán Zona Arqueológica,destino,Ocosingo,cultura,85,3.0,5200,16.8972,-90.9639,https://upload.wikimedia.org/wikipedia/commons/thumb/1/13/Yaxchilan-estructura33.jpg/800px-Yaxchilan-estructura33.jpg
589,Bonampak Zona Arqueológica,destino,Ocosingo,cultura,85,2.5,4800,16.7019,-91.0656,https://upload.wikimedia.org/wikipedia/commons/thumb/4/44/Bonampak_murals.jpg/800px-Bonampak_murals.jpg
590,Mirador Cañón del Sumidero,destino,Tuxtla Gutierrez,fotografia,30,1.0,7200,16.9034,-93.0489,https://upload.wikimedia.org/wikipedia/commons/thumb/0/06/Canyon_del_Sumidero.jpg/800px-Canyon_del_Sumidero.jpg
591,Zoológico Regional Miguel Álvarez del Toro (ZooMAT),destino,Tuxtla Gutierrez,familiar,50,3.0,8500,16.7191,-93.1295,https://upload.wikimedia.org/wikipedia/commons/thumb/7/7e/Jaguar_at_ZooMAT.jpg/800px-Jaguar_at_ZooMAT.jpg
592,Balneario Agua Clara,destino,Salto de Agua,descanso,80,3.5,6000,17.5714,-92.4019,
593,Templo de Santo Domingo de Guzmán,destino,San Cristobal de las Casas,cultura,0,1.0,9200,16.7397,-92.6383,https://upload.wikimedia.org/wikipedia/commons/thumb/9/90/Templo_de_Santo_Domingo%2C_San_Cristobal_de_las_Casas.jpg/800px-Templo_de_Santo_Domingo%2C_San_Cristobal_de_las_Casas.jpg
594,Parque Nacional Lagunas de Montebello,destino,La Trinitaria,aventura,60,5.0,7800,16.0836,-91.7278,https://upload.wikimedia.org/wikipedia/commons/thumb/3/3c/Lagunas_de_Montebello_Chiapas.jpg/800px-Lagunas_de_Montebello_Chiapas.jpg
595,Mercado de Artesanías de San Cristóbal,destino,San Cristobal de las Casas,cultura,0,1.5,8000,16.736,-92.637,
596,Museo Na Bolom,destino,San Cristobal de las Casas,cultura,75,1.5,4200,16.7449,-92.6338,
597,Restaurant Adriana,restaurante,San Cristobal de las Casas,gastronomia,138,1.4,611,16.737728,-92.639916,
598,Cafe Plaza,restaurante,Palenque,gastronomia,225,1.0,520,17.509426,-91.980641,
599,Italian Coffee,restaurante,San Cristobal de las Casas,gastronomia,183,1.2,385,16.737379,-92.6368,
600,TierrAdentro,restaurante,San Cristobal de las Casas,gastronomia,162,1.3,739,16.737653,-92.636004,
601,La Parrilla,restaurante,San Cristobal de las Casas,gastronomia,193,1.4,417,16.740648,-92.635651,
602,ViaVai,restaurante,San Cristobal de las Casas,gastronomia,107,1.1,446,16.738155,-92.637998,
603,Emiliano's Moustache,restaurante,San Cristobal de las Casas,gastronomia,241,1.4,571,16.736083,-92.638965,
604,Sante Caffe,restaurante,San Cristobal de las Casas,gastronomia,122,1.0,188,16.735857,-92.638055,
605,Balam,restaurante,San Cristobal de las Casas,gastronomia,166,1.2,331,16.736392,-92.638039,
606,Los Tulipanes,restaurante,Ocosingo,gastronomia,137,1.3,236,16.877816,-92.106584,
607,Soconosco,restaurante,Tapachula,gastronomia,165,1.1,326,14.912271,-92.258054,
608,Gramlich,restaurante,Tapachula,gastronomia,129,1.5,210,14.908332,-92.263891,
609,Angeles Alta Reposteria,restaurante,Tapachula,gastronomia,184,1.4,388,14.905047,-92.263547,
610,Tablitas,restaurante,Tapachula,gastronomia,242,1.5,575,14.909501,-92.265281,
611,Papablita,restaurante,Tapachula,gastronomia,209,1.3,985,14.899399,-92.245283,
612,La Peña,restaurante,Tapachula,gastronomia,169,1.5,338,14.909327,-92.248596,
613,7 Mares,restaurante,Tapachula,gastronomia,237,1.1,559,14.907909,-92.247969,
614,Bamboo,restaurante,Tapachula,gastronomia,230,1.0,537,14.91138,-92.264112,
615,Tango Argentina,restaurante,Tapachula,gastronomia,171,1.2,346,14.908397,-92.255898,
616,Carnes Mixcum,restaurante,Tapachula,gastronomia,226,1.0,525,15.034076,-92.144088,
617,Faja de Oro Carnes,restaurante,Tapachula,gastronomia,145,1.2,261,15.031772,-92.153744,
618,Res Campestre,restaurante,Bochil,gastronomia,150,1.3,277,17.143985,-92.887395,
619,Tuluc,restaurante,San Cristobal de las Casas,gastronomia,227,1.3,1079,16.735596,-92.637331,
620,Margaritas Grill,restaurante,San Cristobal de las Casas,gastronomia,175,1.1,360,16.737743,-92.635173,
621,BioCafe,restaurante,Tuxtla Gutierrez,gastronomia,102,1.4,122,16.752617,-93.10611,
622,Argovia,restaurante,Huehuetan,gastronomia,238,1.3,562,15.124976,-92.298895,
623,el huachinango feliz,restaurante,Palenque,gastronomia,129,1.3,208,17.509425,-91.988431,
624,PAKAL TSIX A,restaurante,Tapachula,gastronomia,147,1.0,268,15.093103,-92.180975,
625,El Portón,restaurante,Tuxtla Gutierrez,gastronomia,231,1.4,541,16.755295,-93.142532,
626,Starbucks,restaurante,Tuxtla Gutierrez,gastronomia,132,1.5,219,16.75466,-93.141343,
627,Pizza Hut,restaurante,Tuxtla Gutierrez,gastronomia,183,1.0,385,16.754612,-93.132758,
628,Los Bisquets Obregón,restaurante,Tuxtla Gutierrez,gastronomia,204,1.4,451,16.754247,-93.130035,
629,Bisquets de Obregon,restaurante,Tuxtla Gutierrez,gastronomia,120,1.2,180,16.748505,-93.089912,
630,Italian Coffe,restaurante,Tuxtla Gutierrez,gastronomia,198,1.5,433,16.749097,-93.092567,
631,Restaurant,restaurante,San Cristobal de las Casas,gastronomia,192,1.1,413,16.711139,-92.618348,
632,La Casa del Pan,restaurante,San Cristobal de las Casas,gastronomia,102,1.5,419,16.737503,-92.633478,
633,Las Tinajas,restaurante,Palenque,gastronomia,112,1.3,473,17.508381,-91.982369,
634,Marina,restaurante,Tapachula,gastronomia,133,1.0,221,14.698729,-92.392261,
635,Qué Sazon,restaurante,Tapachula,gastronomia,197,1.5,430,14.90099,-92.266921,
636,Restaurante Veranda,restaurante,Tapachula,gastronomia,138,1.3,238,14.900457,-92.266927,
637,Casa Plena,restaurante,San Cristobal de las Casas,gastronomia,126,1.0,198,16.739291,-92.632904,
638,Tacos Kino,restaurante,Tapachula,gastronomia,161,1.5,313,14.911541,-92.252878,
639,Cyber Cafe Galiux,restaurante,Tapachula,gastronomia,118,1.2,174,14.913974,-92.2672,
640,La Selva,restaurante,Palenque,gastronomia,161,1.1,312,17.506496,-91.990302,
641,Café Azul,restaurante,Berriozabal,gastronomia,247,1.4,590,16.832779,-93.192908,
642,Torre del Sol,restaurante,Berriozabal,gastronomia,170,1.1,343,16.825939,-93.187787,
643,Ristorante del Italiano,restaurante,Berriozabal,gastronomia,86,1.1,70,16.826499,-93.187165,
644,El Pejelagarto,restaurante,Berriozabal,gastronomia,192,1.2,414,16.806144,-93.188618,
645,Restaurant de Doña Lupita,restaurante,Palenque,gastronomia,244,1.2,582,17.790381,-92.041564,
646,Biomaya,restaurante,Tuxtla Gutierrez,gastronomia,208,1.5,465,16.755908,-93.123014,
647,Restaurante Villa Victoria y Eventos Especiales,restaurante,Comitan de Dominguez,gastronomia,164,1.1,323,16.221618,-92.12217,
648,Café con leche,restaurante,Tuxtla Gutierrez,gastronomia,188,1.5,400,16.758583,-93.130422,
649,Comidería Doña Paty,restaurante,San Cristobal de las Casas,gastronomia,174,1.5,356,16.72531,-92.648572,
650,Kakahuatlán,restaurante,Tapachula,gastronomia,208,1.1,466,14.992017,-92.167349,
651,María Chamula,restaurante,San Cristobal de las Casas,gastronomia,223,1.1,513,16.736586,-92.637911,
652,Plaza Diez,restaurante,San Cristobal de las Casas,gastronomia,216,1.1,1024,16.736594,-92.637661,
653,Sensaciones de Chiapas,restaurante,San Cristobal de las Casas,gastronomia,100,1.1,114,16.736607,-92.637425,
654,Hamburguesería La Central,restaurante,San Cristobal de las Casas,gastronomia,217,1.3,494,16.736225,-92.63803,
655,La Cigarra,restaurante,San Cristobal de las Casas,gastronomia,144,1.5,259,16.737702,-92.632917,
656,La Garrapata 2,restaurante,Tuxtla Gutierrez,gastronomia,164,1.2,321,16.761745,-93.111778,
657,Don Mucho's,restaurante,Palenque,gastronomia,102,1.3,419,17.491074,-92.024184,
658,Namandí,restaurante,San Cristobal de las Casas,gastronomia,146,1.5,264,16.736491,-92.639331,
659,El Meson del Taco,restaurante,San Cristobal de las Casas,gastronomia,89,1.4,81,16.73252,-92.638894,
660,Barbacoa Yessi,restaurante,San Cristobal de las Casas,gastronomia,212,1.2,478,16.736828,-92.629297,
661,Restaurante Lagartero,restaurante,La Independencia,gastronomia,178,1.4,368,15.827593,-91.896596,
662,Restaurante Familiar El Lagartero,restaurante,La Independencia,gastronomia,160,1.1,308,15.822537,-91.892258,
663,Mariscos El Amigo,restaurante,La Independencia,gastronomia,199,1.2,436,15.827559,-91.894884,
664,Restaurant El Tenampan,restaurante,La Independencia,gastronomia,127,1.5,203,15.8279,-91.895187,
665,Quesadillas California,restaurante,La Independencia,gastronomia,197,1.4,428,15.829882,-91.896917,
666,El Gitano,restaurante,La Independencia,gastronomia,200,1.4,440,15.829626,-91.897108,
667,Taquería Mary,restaurante,La Independencia,gastronomia,194,1.3,419,15.828734,-91.897527,
668,Brisas del Chiflón,restaurante,Tzimol,gastronomia,174,1.3,355,16.184822,-92.279692,
669,La Bella Italia,restaurante,San Cristobal de las Casas,gastronomia,226,1.3,525,16.739645,-92.635653,
670,Frontera,restaurante,San Cristobal de las Casas,gastronomia,229,1.5,532,16.740345,-92.635413,
671,Ostioneria Chelita,restaurante,Tapachula,gastronomia,214,1.1,485,14.941079,-92.253736,
672,Maya Cañada,restaurante,Palenque,gastronomia,126,1.4,200,17.509608,-91.988403,
673,Daniel's,restaurante,Tapachula,gastronomia,235,1.1,552,15.060664,-92.081465,
674,La Esquina,restaurante,Tapachula,gastronomia,160,1.4,309,15.059945,-92.081739,
675,Carmelita,restaurante,Tapachula,gastronomia,98,1.0,110,15.060618,-92.081618,
676,"La cocina de la Abuela, comida casera",restaurante,San Cristobal de las Casas,gastronomia,119,1.2,177,16.747812,-92.660776,
677,Pollo Rico,restaurante,Tapachula,gastronomia,148,1.1,272,14.899362,-92.270769,
678,Jardines de Chiapa,restaurante,Chiapa de Corzo,gastronomia,187,1.4,398,16.708633,-93.018857,
679,Los Sabores de San Jacinto,restaurante,Chiapa de Corzo,gastronomia,243,1.4,580,16.708431,-93.017858,
680,El Campanario,restaurante,Chiapa de Corzo,gastronomia,137,1.5,235,16.70767,-93.015811,
681,Ombaba Lamb Grill,restaurante,Chiapa de Corzo,gastronomia,199,1.0,435,16.716517,-93.019161,
682,Ristorante d'Avellino,restaurante,Chiapa de Corzo,gastronomia,116,1.1,166,16.716003,-93.019233,
683,Los Corredores,restaurante,Chiapa de Corzo,gastronomia,85,1.3,67,16.708026,-93.018162,
684,Creperia Breizh,restaurante,Chiapa de Corzo,gastronomia,201,1.1,943,16.706605,-93.014278,
685,La Vina de Bacco,restaurante,San Cristobal de las Casas,gastronomia,216,1.2,493,16.73741,-92.636205,
686,Tierra y Cielo,restaurante,San Cristobal de las Casas,gastronomia,194,1.3,904,16.7364,-92.635703,
687,Belil Sabores de Chiapas Interconexion Social,restaurante,San Cristobal de las Casas,gastronomia,144,1.2,643,16.738355,-92.634683,
688,Entropia,restaurante,San Cristobal de las Casas,gastronomia,82,1.2,315,16.738346,-92.63445,
689,Restaurante Monte Líbano,restaurante,Ocosingo,gastronomia,210,1.5,472,16.891414,-91.882939,
690,Nueva Alianza,restaurante,Tenosique,gastronomia,228,1.1,530,16.822091,-90.888464,
691,Te Quiero Verde,restaurante,San Cristobal de las Casas,gastronomia,83,1.2,316,16.735246,-92.63777,
692,Restaurante Baljum,restaurante,Palenque,gastronomia,163,1.3,740,17.497931,-92.015721,
693,La Chiapaneca,restaurante,Palenque,gastronomia,129,1.1,560,17.49901,-92.018653,
694,Restaurante Chan-Kah,restaurante,Palenque,gastronomia,149,1.3,274,17.492726,-92.018932,
695,Rasha,restaurante,Ocosingo,gastronomia,119,1.3,509,16.907026,-92.094245,
696,Las Delicias,restaurante,Ocosingo,gastronomia,194,1.3,906,16.909711,-92.091603,
697,El Piru,restaurante,Las Margaritas,gastronomia,185,1.4,392,16.09967,-90.836633,
698,El Encanto,restaurante,Ocozocoautla,gastronomia,109,1.4,144,16.742993,-93.331044,
699,El Recuerdo,restaurante,Cintalapa,gastronomia,127,1.3,204,16.68875,-93.723143,
700,Las Vegas,restaurante,Cintalapa,gastronomia,175,1.4,360,16.686523,-93.669884,
701,El Girasol,restaurante,San Juan Chamula,gastronomia,245,1.3,585,16.782571,-92.694667,
702,Nancy,restaurante,Chiapa de Corzo,gastronomia,176,1.3,362,16.706882,-93.019233,
703,La Palma,restaurante,San Juan Chamula,gastronomia,114,1.4,161,16.783229,-92.693394,
704,Veronica,restaurante,Chiapa de Corzo,gastronomia,187,1.4,397,16.706717,-93.01894,
705,San Juan,restaurante,San Juan Chamula,gastronomia,175,1.2,358,16.783164,-92.693348,
706,Restaurant Familiar,restaurante,Chiapa de Corzo,gastronomia,95,1.2,99,16.707315,-93.019756,
707,La Cañada,restaurante,Ocosingo,gastronomia,207,1.5,463,16.921357,-92.104993,
708,El Campero,restaurante,Ocosingo,gastronomia,210,1.4,473,16.988816,-92.105943,
709,Cu Ux Ha,restaurante,Ocosingo,gastronomia,145,1.2,262,17.256086,-92.11456,
710,Yax Ha,restaurante,Ocosingo,gastronomia,179,1.3,372,17.25604,-92.114574,
711,El Mirador,restaurante,Ocosingo,gastronomia,215,1.2,489,16.815515,-92.21356,
712,Los Laguitos,restaurante,Ocosingo,gastronomia,191,1.5,410,17.256125,-92.114542,
713,Las Brisas de Agua Azul,restaurante,Ocosingo,gastronomia,196,1.2,426,17.256577,-92.114343,
714,Ná-Hulich,restaurante,Ocosingo,gastronomia,205,1.2,457,17.256381,-92.11446,
715,Italian Coffee Company,restaurante,Palenque,gastronomia,167,1.3,332,17.754398,-91.882069,
716,Bajlum,restaurante,Palenque,gastronomia,111,1.0,151,17.498275,-92.016332,
717,Vida Mia,restaurante,San Cristobal de las Casas,gastronomia,172,1.4,787,16.738395,-92.633431,
718,Comedor de Dona Rita,restaurante,San Cristobal de las Casas,gastronomia,227,1.2,526,16.73839,-92.633457,
719,Natura,restaurante,San Cristobal de las Casas,gastronomia,189,1.3,877,16.737562,-92.635644,
720,Pollos Asados Lirios,restaurante,Tapachula,gastronomia,83,1.1,318,14.883619,-92.270128,
721,Teopisca,restaurante,San Cristobal de las Casas,gastronomia,115,1.4,165,16.744683,-92.658299,
722,Torteria Jurricos,restaurante,San Cristobal de las Casas,gastronomia,234,1.2,1118,16.737303,-92.639375,
723,Tortas Mexicanas,restaurante,San Cristobal de las Casas,gastronomia,107,1.1,138,16.739631,-92.639947,
724,La Flor de Comitán,restaurante,San Cristobal de las Casas,gastronomia,162,1.2,317,16.744362,-92.637517,
725,Carnitas y barbacoa la Michoacana,restaurante,Tapachula,gastronomia,213,1.5,480,14.924363,-92.25876,
726,Toks tapachula,restaurante,Tapachula,gastronomia,103,1.0,426,14.876185,-92.284563,
727,Toks,restaurante,Tuxtla Gutierrez,gastronomia,221,1.2,1049,16.762019,-93.139406,
728,Tuxtla Diana,restaurante,Tuxtla Gutierrez,gastronomia,93,1.1,372,16.761653,-93.139393,
729,carajillo catacion tostador,restaurante,San Cristobal de las Casas,gastronomia,222,1.5,510,16.737503,-92.635276,
730,Cocina Bo,restaurante,San Cristobal de las Casas,gastronomia,106,1.1,134,16.740574,-92.63996,
731,Carajillo,restaurante,San Cristobal de las Casas,gastronomia,119,1.5,177,16.737576,-92.633738,
732,Marrakesh,restaurante,San Cristobal de las Casas,gastronomia,107,1.1,138,16.735379,-92.636293,
733,maya pakal,restaurante,San Cristobal de las Casas,gastronomia,176,1.2,362,16.736971,-92.635047,
734,Restaurante,restaurante,San Juan Chamula,gastronomia,213,1.4,483,16.786425,-92.690381,
735,El Caldero,restaurante,San Cristobal de las Casas,gastronomia,126,1.2,201,16.735818,-92.637168,
736,Comedor mi llaverito,restaurante,Palenque,gastronomia,242,1.1,576,17.50822,-91.98097,
737,Quesadilla la20,restaurante,Palenque,gastronomia,229,1.4,534,17.50814,-91.979896,
738,Tacos Palenque,restaurante,Palenque,gastronomia,102,1.2,121,17.508706,-91.981341,
739,Tropi Taco,restaurante,Palenque,gastronomia,222,1.2,511,17.509047,-91.982762,
740,Fanny cafe,restaurante,San Cristobal de las Casas,gastronomia,166,1.3,328,16.737871,-92.627496,
741,Falafel restaurante,restaurante,San Cristobal de las Casas,gastronomia,140,1.5,245,16.737793,-92.631355,
742,Barrios de Jovel,restaurante,San Cristobal de las Casas,gastronomia,236,1.3,556,16.740874,-92.638025,
743,Wa cocina japonesa,restaurante,San Cristobal de las Casas,gastronomia,99,1.3,113,16.734407,-92.638267,
744,Sweetbeat coffee and bakehouse,restaurante,San Cristobal de las Casas,gastronomia,169,1.3,774,16.740107,-92.635458,
745,Hanasho Sushi Bar,restaurante,San Cristobal de las Casas,gastronomia,229,1.4,1093,16.736251,-92.638073,
746,Tamales,restaurante,San Cristobal de las Casas,gastronomia,155,1.2,294,16.736383,-92.640346,
747,La Minerva - Pizzas a la leña,restaurante,San Cristobal de las Casas,gastronomia,227,1.3,1080,16.734309,-92.639421,
748,El palacio de la Milanesa,restaurante,San Cristobal de las Casas,gastronomia,159,1.4,305,16.737498,-92.63552,
749,El Borrego Líder,restaurante,Tuxtla Gutierrez,gastronomia,94,1.3,97,16.754745,-93.11419,
750,Chili's,restaurante,Tuxtla Gutierrez,gastronomia,177,1.4,364,16.754935,-93.147153,
751,IHOP,restaurante,Tuxtla Gutierrez,gastronomia,128,1.1,205,16.754005,-93.138223,
752,Picolo's,restaurante,Tuxtla Gutierrez,gastronomia,87,1.5,73,16.748707,-93.126598,
753,La palapa de mi mama,restaurante,Chiapa de Corzo,gastronomia,141,1.1,249,16.691708,-93.022758,
754,Rocamar,restaurante,Chiapa de Corzo,gastronomia,109,1.0,145,16.690005,-93.020845,
755,Azul Cielo,restaurante,Tuxtla Gutierrez,gastronomia,126,1.3,201,16.735096,-93.118196,
756,Al Grano Cafe,restaurante,San Cristobal de las Casas,gastronomia,189,1.2,403,16.737101,-92.636996,
757,Los Parachicos,restaurante,Tuxtla Gutierrez,gastronomia,176,1.3,362,16.756178,-93.115657,
758,PP's Pizza,restaurante,San Cristobal de las Casas,gastronomia,126,1.4,199,16.73164,-92.637137,
759,Luigui's Pizza,restaurante,San Cristobal de las Casas,gastronomia,185,1.4,857,16.73522,-92.635747,
760,Camino Secreto,restaurante,Comitan de Dominguez,gastronomia,130,1.2,214,16.251026,-92.140024,
761,Sabores de Comitàn,restaurante,Comitan de Dominguez,gastronomia,88,1.5,75,16.246625,-92.132181,
762,Las Ollas,restaurante,Amatenango del Valle,gastronomia,157,1.1,301,16.528036,-92.445824,
763,El Mana,restaurante,La Independencia,gastronomia,142,1.4,252,15.840807,-91.967856,
764,The Italian Coffee Company,restaurante,Comitan de Dominguez,gastronomia,147,1.3,267,16.251776,-92.14247,
765,Mar y Tierra,restaurante,Comitan de Dominguez,gastronomia,235,1.5,1125,16.214155,-92.116786,
766,Restaurant El Trebol,restaurante,Comitan de Dominguez,gastronomia,118,1.0,173,16.212955,-92.114066,
767,Casa Navarez,restaurante,Comitan de Dominguez,gastronomia,241,1.3,570,16.213921,-92.11662,
768,PARADOR Vallescondido RESTAURANTE,restaurante,Tenosique,gastronomia,133,1.5,222,17.177795,-91.488086,
769,Comida Thai,restaurante,San Cristobal de las Casas,gastronomia,242,1.3,577,16.736187,-92.629817,
770,Cocina Economica Dona Naty,restaurante,San Cristobal de las Casas,gastronomia,212,1.3,480,16.742291,-92.63683,
771,Mr Taco,restaurante,Palenque,gastronomia,184,1.0,388,17.50815,-91.986326,
772,Taqueria el volcan,restaurante,Palenque,gastronomia,166,1.3,330,17.508181,-91.986255,
773,Achiote Cochinita Pibil,restaurante,San Cristobal de las Casas,gastronomia,132,1.1,219,16.735078,-92.637986,
774,Cafe Rosario,restaurante,Comitan de Dominguez,gastronomia,184,1.1,387,16.247264,-92.131793,
775,Restaurant la Frontera,restaurante,La Independencia,gastronomia,159,1.3,308,16.084461,-91.663056,
776,Santa Maria,restaurante,La Independencia,gastronomia,201,1.2,444,16.12043,-91.864996,
777,Saraguatos,restaurante,Palenque,gastronomia,169,1.1,339,17.509395,-91.988638,
778,Nostalgia,restaurante,San Cristobal de las Casas,gastronomia,100,1.3,117,16.738512,-92.63544,
779,Xocol-Na Chocolate & Churros,restaurante,San Cristobal de las Casas,gastronomia,106,1.1,437,16.735546,-92.635739,
780,Asadero Las Gerberas,restaurante,Palenque,gastronomia,169,1.3,338,17.350199,-92.079083,
781,Sin nombre,restaurante,San Cristobal de las Casas,gastronomia,186,1.0,393,16.739204,-92.631252,
782,Mini Comedor Imperial,restaurante,San Cristobal de las Casas,gastronomia,104,1.2,129,16.73842,-92.642307,
783,La Oaxaqueña,restaurante,Palenque,gastronomia,136,1.4,598,17.508321,-91.986567,
784,Chely's,restaurante,Palenque,gastronomia,119,1.2,177,17.490635,-92.023891,
785,Barrita,restaurante,Mapastepec,gastronomia,168,1.3,336,15.392732,-93.101996,
786,Peruano Cevicheria y Cocina Peruana,restaurante,San Cristobal de las Casas,gastronomia,237,1.3,558,16.735614,-92.638034,
787,Bangcook Thai Street Food,restaurante,San Cristobal de las Casas,gastronomia,138,1.4,611,16.735863,-92.638014,
788,El Punto Pizzeria,restaurante,San Cristobal de las Casas,gastronomia,82,1.2,59,16.735725,-92.638062,
789,500 Noches,restaurante,San Cristobal de las Casas,gastronomia,105,1.3,132,16.735594,-92.637934,
790,Amor Negro,restaurante,San Cristobal de las Casas,gastronomia,213,1.2,480,16.735801,-92.637718,
791,Oh la la!,restaurante,San Cristobal de las Casas,gastronomia,86,1.4,72,16.735885,-92.638076,
792,Brasa,restaurante,San Cristobal de las Casas,gastronomia,112,1.4,156,16.73575,-92.637762,
793,Mercado de Carne,restaurante,San Cristobal de las Casas,gastronomia,185,1.3,392,16.735626,-92.63776,
794,Cocoliche,restaurante,San Cristobal de las Casas,gastronomia,197,1.4,428,16.737814,-92.634545,
795,Carmelitas,restaurante,San Cristobal de las Casas,gastronomia,92,1.4,91,16.737207,-92.639115,
796,Las Pichanchas,restaurante,Tuxtla Gutierrez,gastronomia,111,1.0,151,16.752953,-93.109851,
797,Palma sola,restaurante,Tapachula,gastronomia,245,1.5,584,14.863346,-92.191964,
798,Tonantzin,restaurante,San Cristobal de las Casas,gastronomia,212,1.5,478,16.737723,-92.632098,
799,Todo Vegano,restaurante,San Cristobal de las Casas,gastronomia,211,1.3,475,16.737724,-92.63217,
800,Alebrije,restaurante,San Cristobal de las Casas,gastronomia,100,1.4,115,16.744928,-92.635486,
801,"Cocina Tradicional y Antojitos ""Tía Pili""",restaurante,Tuxtla Gutierrez,gastronomia,85,1.2,66,16.717306,-93.119727,
802,Los tres borregitos,restaurante,Tapachula,gastronomia,118,1.0,175,14.882649,-92.276175,
803,Libre Café,restaurante,San Cristobal de las Casas,gastronomia,139,1.2,242,16.737355,-92.632722,
804,Casa Luz,restaurante,San Cristobal de las Casas,gastronomia,164,1.0,322,16.735172,-92.637227,
805,Latte cafeteria,restaurante,Palenque,gastronomia,127,1.0,551,17.511494,-91.992778,
806,La Ventana,restaurante,Palenque,gastronomia,151,1.4,680,17.454523,-92.031916,
807,El cordero,restaurante,Palenque,gastronomia,198,1.1,432,17.350393,-92.076806,
808,El Adobe,restaurante,Comitan de Dominguez,gastronomia,106,1.3,135,16.175518,-92.189897,
809,La Estacion,restaurante,La Trinitaria,gastronomia,140,1.5,245,16.132985,-92.040946,
810,Karen,restaurante,La Independencia,gastronomia,192,1.3,412,16.120652,-91.825627,
811,Restaurante Lagos de Montebello,restaurante,La Independencia,gastronomia,223,1.5,513,16.092962,-91.668926,
812,NUT (Vegetarian),restaurante,San Cristobal de las Casas,gastronomia,93,1.2,92,16.73882,-92.632894,
813,buffet,restaurante,Palenque,gastronomia,195,1.0,424,17.501441,-92.002391,
814,El Hurachazo,restaurante,San Cristobal de las Casas,gastronomia,215,1.1,487,16.734809,-92.648666,
815,Los Revolcados,restaurante,San Cristobal de las Casas,gastronomia,121,1.2,183,16.736703,-92.636924,
816,Al Sazón Que Me Toquen,restaurante,San Cristobal de las Casas,gastronomia,148,1.2,270,16.738944,-92.637952,
817,La Aurora,restaurante,San Cristobal de las Casas,gastronomia,96,1.3,104,16.746247,-92.637221,
818,Los Amigos,restaurante,San Cristobal de las Casas,gastronomia,115,1.5,164,16.744456,-92.638997,
819,The Harvest Cafe,restaurante,Arriaga,gastronomia,135,1.5,229,16.236763,-93.898207,
820,La Maldita,restaurante,San Cristobal de las Casas,gastronomia,118,1.4,173,16.737365,-92.626007,
821,Little Caesars,restaurante,Tapachula,gastronomia,101,1.4,119,14.886739,-92.27892,
822,Restaurante de Presa,restaurante,Arriaga,gastronomia,156,1.0,296,16.466526,-93.999281,
823,Italianni's,restaurante,Tuxtla Gutierrez,gastronomia,158,1.3,305,16.752248,-93.144031,
824,La Estación Restaurant & Bar,restaurante,Tuxtla Gutierrez,gastronomia,121,1.1,184,16.752048,-93.144072,
825,El Mito-T,restaurante,Tapachula,gastronomia,182,1.3,380,14.897742,-92.271727,
826,Chavelas,restaurante,San Cristobal de las Casas,gastronomia,125,1.4,196,16.738019,-92.632812,
827,La Casona,restaurante,Tuxtla Gutierrez,gastronomia,112,1.2,154,16.75277,-93.116578,
828,Bek Semilla de Vida,restaurante,San Cristobal de las Casas,gastronomia,132,1.3,219,16.737712,-92.635493,
829,Car Wash Tacos,restaurante,Tapachula,gastronomia,83,1.1,61,14.901854,-92.261405,
830,El Brasileiro,restaurante,San Cristobal de las Casas,gastronomia,226,1.2,524,16.73732,-92.634609,
831,Marinni,restaurante,Tapachula,gastronomia,139,1.0,242,14.902566,-92.258292,
832,Buenos días,restaurante,Tapachula,gastronomia,87,1.5,74,14.898133,-92.262267,
833,Ángeles repostería,restaurante,Tapachula,gastronomia,128,1.4,208,14.905989,-92.265292,
834,Oro Maya Kaffee Haus,restaurante,Tapachula,gastronomia,206,1.3,460,14.910995,-92.251899,
835,"""Rubi"" Tacos y quesadillas",restaurante,Tapachula,gastronomia,169,1.0,338,14.906091,-92.25498,
836,La Ceiba del Mau,restaurante,Tapachula,gastronomia,240,1.2,569,14.897331,-92.253535,
837,Due Torri,restaurante,Comitan de Dominguez,gastronomia,161,1.5,313,16.254641,-92.137512,
838,Comitlan,restaurante,Comitan de Dominguez,gastronomia,180,1.5,373,16.254476,-92.137463,
839,Funky burritos and mezcales,restaurante,San Cristobal de las Casas,gastronomia,191,1.2,410,16.739455,-92.63765,
840,Cacao Nativa,restaurante,San Cristobal de las Casas,gastronomia,109,1.0,145,16.734392,-92.638156,
841,Trattoria Italiana,restaurante,San Cristobal de las Casas,gastronomia,158,1.1,303,16.740549,-92.635501,
842,Café Jade,restaurante,Palenque,gastronomia,219,1.3,501,17.509629,-91.98689,
843,L’Khofi,restaurante,Palenque,gastronomia,148,1.5,272,17.508928,-91.989435,
844,Restaurante Don Carlos,restaurante,Palenque,gastronomia,120,1.3,180,17.509488,-91.988333,
845,Sivia's Kitchen,restaurante,San Cristobal de las Casas,gastronomia,112,1.1,474,16.737859,-92.627565,
846,Kahpeltik Cañada,restaurante,San Cristobal de las Casas,gastronomia,203,1.4,449,16.738537,-92.639871,
847,Bochy's Burger,restaurante,Tapachula,gastronomia,214,1.1,483,14.910933,-92.258494,
848,Tito y Filemón,restaurante,San Cristobal de las Casas,gastronomia,225,1.1,521,16.741019,-92.632826,
849,Tok Tok Wok,restaurante,San Cristobal de las Casas,gastronomia,216,1.4,491,16.74178,-92.630832,
850,comedor,restaurante,La Trinitaria,gastronomia,228,1.2,532,16.144199,-92.071592,
851,Tacos,restaurante,La Independencia,gastronomia,249,1.1,599,16.082947,-91.663646,
852,Restaurante La Orquidea,restaurante,La Independencia,gastronomia,113,1.2,157,16.084353,-91.662172,
853,Restaurante Liquidambar,restaurante,La Independencia,gastronomia,131,1.3,215,16.076251,-91.677817,
854,Cafetería La Orquidia,restaurante,La Independencia,gastronomia,228,1.1,529,16.079763,-91.670627,
855,"Restaurant Belil, Sabores de Chiapas",restaurante,San Cristobal de las Casas,gastronomia,183,1.1,848,16.738306,-92.634608,
856,Freddie,restaurante,San Cristobal de las Casas,gastronomia,94,1.2,97,16.742335,-92.632837,
857,Garrobo’s,restaurante,Palenque,gastronomia,167,1.3,333,17.50949,-91.987968,
858,Sereques,restaurante,Palenque,gastronomia,91,1.1,87,17.509495,-91.986628,
859,El Herradero,restaurante,Palenque,gastronomia,209,1.2,469,17.509161,-91.984069,
860,La Abuelita,restaurante,San Cristobal de las Casas,gastronomia,82,1.0,58,16.737681,-92.632014,
861,InterVino,restaurante,San Cristobal de las Casas,gastronomia,196,1.3,426,16.73743,-92.633399,
862,Kokonó,restaurante,San Cristobal de las Casas,gastronomia,213,1.5,482,16.737232,-92.635509,
863,Kukulpan,restaurante,San Cristobal de las Casas,gastronomia,232,1.2,543,16.740552,-92.635564,
864,Madama Do Re,restaurante,San Cristobal de las Casas,gastronomia,138,1.1,240,16.737198,-92.632791,
865,Carnitas,restaurante,Tapachula,gastronomia,227,1.5,528,14.832442,-92.191239,
866,los compitas,restaurante,Tapachula,gastronomia,93,1.1,92,14.837597,-92.190397,
867,Exóticos,restaurante,Tapachula,gastronomia,111,1.4,152,15.028693,-92.153429,
868,El Bony,restaurante,San Cristobal de las Casas,gastronomia,192,1.2,412,16.738559,-92.630571,
869,La Caverna de los Antepasados,restaurante,San Cristobal de las Casas,gastronomia,80,1.3,302,16.737967,-92.640156,
870,Bidalia Cocina Economica,restaurante,San Cristobal de las Casas,gastronomia,218,1.2,498,16.745032,-92.637687,
871,Comida Ecológica,restaurante,Tapachula,gastronomia,218,1.1,499,14.887324,-92.287454,
872,Aroma Espresso,restaurante,Tuxtla Gutierrez,gastronomia,160,1.2,309,16.754791,-93.120392,
873,Baja taco shop,restaurante,Tuxtla Gutierrez,gastronomia,103,1.1,127,16.762227,-93.124026,
874,Tierra fértil,restaurante,Tapachula,gastronomia,155,1.2,293,14.906016,-92.260007,
875,Café Selva,restaurante,San Cristobal de las Casas,gastronomia,101,1.2,118,16.73576,-92.638926,
876,Restaurant Scala,restaurante,Tapachula,gastronomia,232,1.4,542,14.790363,-92.369417,
877,El Rinconcito,restaurante,Palenque,gastronomia,85,1.4,66,17.509334,-91.980662,
878,Mi Café,restaurante,Amatenango del Valle,gastronomia,143,1.4,254,16.528787,-92.443361,
879,El Mercadito,restaurante,San Cristobal de las Casas,gastronomia,202,1.2,950,16.738137,-92.63272,
880,Pachamama,restaurante,San Cristobal de las Casas,gastronomia,159,1.4,308,16.737572,-92.633013,
881,Central Cafe-Bar,restaurante,Comitan de Dominguez,gastronomia,107,1.3,138,16.252776,-92.135422,
882,Ta Bonitio,restaurante,Comitan de Dominguez,gastronomia,234,1.4,549,16.252942,-92.136498,
883,Aquario,restaurante,Comitan de Dominguez,gastronomia,144,1.3,259,16.252076,-92.136044,
884,lek Capel,restaurante,San Cristobal de las Casas,gastronomia,99,1.3,112,16.738909,-92.635116,
885,Casa Utrilla,restaurante,San Cristobal de las Casas,gastronomia,156,1.2,296,16.740458,-92.6369,
886,La Guacamaya,restaurante,Chiapa de Corzo,gastronomia,149,1.2,276,16.707043,-93.016367,
887,Buena Comida Casera Econonica,restaurante,Tuxtla Gutierrez,gastronomia,173,1.2,352,16.737864,-93.10189,
888,La Palapa,restaurante,Palenque,gastronomia,146,1.2,265,17.443655,-91.962808,
889,"Café Literario ""Papachema""",restaurante,Palenque,gastronomia,248,1.2,1192,17.508771,-91.983191,
890,Chocoleto,restaurante,San Cristobal de las Casas,gastronomia,199,1.0,436,16.74098,-92.638024,
891,Pollo a leña,restaurante,San Cristobal de las Casas,gastronomia,137,1.2,237,16.737931,-92.628233,
892,Pizzeria Napoli,restaurante,San Cristobal de las Casas,gastronomia,161,1.2,732,16.737781,-92.631576,
893,Los Comalitos,restaurante,San Cristobal de las Casas,gastronomia,151,1.3,678,16.737117,-92.642951,
894,El Tostador,restaurante,San Cristobal de las Casas,gastronomia,235,1.0,553,16.735287,-92.637025,
895,Plátano pinto gormet,restaurante,San Cristobal de las Casas,gastronomia,152,1.1,285,16.739061,-92.630659,
896,Bogavante,restaurante,Tapachula,gastronomia,133,1.3,223,14.653775,-92.356506,
897,El Centenario,restaurante,San Cristobal de las Casas,gastronomia,144,1.4,258,16.743696,-92.638166,
898,中文,restaurante,Tapachula,gastronomia,155,1.1,295,14.908534,-92.263342,
899,Café Zot's,restaurante,Palenque,gastronomia,124,1.3,192,17.509425,-91.982067,
900,Delicatessen Pizza Il Piccolo,restaurante,San Cristobal de las Casas,gastronomia,171,1.5,345,16.737548,-92.633766,
901,Pizzas Expres,restaurante,Palenque,gastronomia,167,1.2,334,17.509062,-91.989756,
902,Restaurant Maya,restaurante,Tenosique,gastronomia,207,1.1,461,16.799781,-91.105081,
903,Selva Maya,restaurante,Tenosique,gastronomia,218,1.1,498,16.815541,-90.887788,
904,Asadero Las Brasas,restaurante,Comitan de Dominguez,gastronomia,144,1.3,259,16.27683,-92.167919,
905,Comedores mapastepec,restaurante,Mapastepec,gastronomia,186,1.4,395,15.45571,-92.882502,
906,Restaurant Maya Agua Azul,restaurante,Ocosingo,gastronomia,170,1.1,344,17.257583,-92.114241,
907,Las Olas Del Vay Ven,restaurante,Palenque,gastronomia,101,1.3,118,17.502693,-91.991364,
908,La Diligencia,restaurante,San Cristobal de las Casas,gastronomia,114,1.3,161,16.72945,-92.664642,
909,El Secreto,restaurante,San Cristobal de las Casas,gastronomia,209,1.3,468,16.739124,-92.638799,
910,Casa Santa,restaurante,San Cristobal de las Casas,gastronomia,91,1.5,87,16.738431,-92.63882,
911,taniperla,restaurante,San Cristobal de las Casas,gastronomia,208,1.1,464,16.734907,-92.63498,
912,Trotamundos,restaurante,Palenque,gastronomia,132,1.5,221,17.508003,-91.987064,
913,García,restaurante,Ocosingo,gastronomia,221,1.3,507,17.253198,-92.114351,
914,Pizzeria El Punto,restaurante,San Cristobal de las Casas,gastronomia,97,1.5,108,16.737473,-92.634013,
915,El Torque Coleto,restaurante,San Cristobal de las Casas,gastronomia,81,1.1,53,16.739498,-92.638752,
916,Chiquitita,restaurante,Tuxtla Gutierrez,gastronomia,144,1.2,641,16.768697,-93.098887,
917,5 Elementos,restaurante,San Cristobal de las Casas,gastronomia,127,1.2,204,16.737843,-92.630056,
918,La casa del pozole,restaurante,San Cristobal de las Casas,gastronomia,158,1.3,303,16.735088,-92.638125,
919,Café de Yara,restaurante,Palenque,gastronomia,153,1.4,288,17.509581,-91.982353,
920,Psy Burger,restaurante,San Cristobal de las Casas,gastronomia,228,1.2,529,16.739205,-92.631195,
921,Tamales de Don Raulito,restaurante,Tapachula,gastronomia,189,1.2,881,14.911933,-92.263935,
922,La casa de las flores,restaurante,Tapachula,gastronomia,157,1.2,301,14.880685,-92.270991,
923,El Caracol de Jade,restaurante,Palenque,gastronomia,248,1.0,594,17.509021,-91.980655,
924,Los Ladrillos,restaurante,Chiapa de Corzo,gastronomia,134,1.1,226,16.711841,-92.992679,
925,cocina de bety,restaurante,Palenque,gastronomia,129,1.1,210,17.509429,-91.980703,
926,Xocolatería Cafetería de especialidad,restaurante,San Cristobal de las Casas,gastronomia,148,1.1,270,16.738759,-92.638395,
927,Café yara,restaurante,Palenque,gastronomia,212,1.3,479,17.509589,-91.982347,
928,Comedor,restaurante,Tzimol,gastronomia,178,1.4,369,16.18527,-92.277671,
929,Restaurant Tía Emita,restaurante,Tzimol,gastronomia,229,1.0,534,16.184546,-92.280896,
930,El Rinconcito Tziscao,restaurante,La Independencia,gastronomia,123,1.4,191,16.084158,-91.663547,
931,Restaurante Pat-Yanú Tziscao,restaurante,La Independencia,gastronomia,244,1.2,581,16.085463,-91.662447,
932,Restaurante 2 Estrellas “Reyna”,restaurante,La Independencia,gastronomia,143,1.4,254,16.088624,-91.665847,
933,"Restaurante Típico ""NORMA""",restaurante,La Independencia,gastronomia,142,1.5,253,16.091397,-91.666243,
934,"Restaurante ""Cielo""",restaurante,La Independencia,gastronomia,142,1.0,253,16.091121,-91.666103,
935,Restaurante Internacional,restaurante,La Independencia,gastronomia,118,1.2,173,16.074879,-91.681383,
936,Comedor Aurora,restaurante,La Independencia,gastronomia,216,1.3,490,16.087159,-91.663105,
937,Galería Las Casas,restaurante,San Cristobal de las Casas,gastronomia,216,1.1,491,16.737815,-92.630604,
938,La cocina de Don Luigi,restaurante,San Cristobal de las Casas,gastronomia,82,1.5,58,16.738352,-92.632992,
939,Bar restaurant,restaurante,Palenque,gastronomia,213,1.4,482,17.326488,-91.925503,
940,El Caminante,restaurante,San Cristobal de las Casas,gastronomia,101,1.1,120,16.732988,-92.637116,
941,Trattoria Catanzaro,restaurante,San Cristobal de las Casas,gastronomia,140,1.0,244,16.738212,-92.635043,
942,Rancho del Lago,restaurante,Ostuacan,gastronomia,144,1.1,642,17.171336,-93.577597,
943,Restaurante La Salsa Verde,restaurante,San Cristobal de las Casas,gastronomia,185,1.3,391,16.738446,-92.637982,
944,Mercado San Jose,restaurante,Comitan de Dominguez,gastronomia,150,1.2,279,16.249696,-92.13494,
945,El Tacoleto,restaurante,San Cristobal de las Casas,gastronomia,88,1.2,78,16.736983,-92.635532,
946,Taqueria Express,restaurante,Palenque,gastronomia,237,1.5,559,17.509598,-91.982196,
947,Casa antoliana,restaurante,Palenque,gastronomia,182,1.5,381,17.509494,-91.987911,
948,El Caldero - Sopas Ricas,restaurante,San Cristobal de las Casas,gastronomia,89,1.1,80,16.739612,-92.634631,
949,Buen comer,restaurante,San Cristobal de las Casas,gastronomia,121,1.1,185,16.736127,-92.639945,
950,La Hojarasca,restaurante,Tapachula,gastronomia,206,1.1,459,14.913996,-92.256752,
951,La Tertulia de San cris,restaurante,San Cristobal de las Casas,gastronomia,209,1.1,467,16.735979,-92.637199,
952,Kokono,restaurante,San Cristobal de las Casas,gastronomia,203,1.2,450,16.736253,-92.645428,
953,Predio caro,restaurante,La Concordia,gastronomia,94,1.2,97,15.64725,-92.560178,
954,Balneario Los Rosales,restaurante,Tapachula,gastronomia,212,1.3,479,15.071336,-92.189155,
955,Los Dos compadres- Restaurante Familiar,restaurante,Yajalon,gastronomia,207,1.4,461,17.103075,-92.275492,
956,Nantik Julia-Restaurante,restaurante,Yajalon,gastronomia,171,1.2,346,17.104066,-92.274918,
957,Restaurante Capricornio,restaurante,Yajalon,gastronomia,176,1.1,363,17.103906,-92.271033,
958,La aventura-Restaurante,restaurante,Yajalon,gastronomia,118,1.4,175,17.104446,-92.269324,
959,El Balcón -Restaurante,restaurante,Yajalon,gastronomia,164,1.4,322,17.105027,-92.271855,
960,Capéltic nuestro café.,restaurante,Yajalon,gastronomia,155,1.3,295,17.104708,-92.26743,
961,El buen dicho-Cafetería,restaurante,Yajalon,gastronomia,103,1.4,126,17.104443,-92.271424,
962,La paliceña,restaurante,Yajalon,gastronomia,242,1.2,575,17.107689,-92.274262,
963,iCafé,restaurante,Chiapa de Corzo,gastronomia,115,1.3,165,16.707187,-93.01878,
964,Quesadillas Michel,restaurante,Chiapa de Corzo,gastronomia,157,1.2,301,16.710179,-93.016332,
965,La Peregrina,restaurante,San Cristobal de las Casas,gastronomia,187,1.5,869,16.738273,-92.635692,
966,San Carlos,restaurante,San Cristobal de las Casas,gastronomia,109,1.3,144,16.735227,-92.63745,
967,Da Tito Pizza,restaurante,San Cristobal de las Casas,gastronomia,248,1.3,594,16.73948,-92.635572,
968,Tío Chano,restaurante,San Cristobal de las Casas,gastronomia,89,1.0,81,16.670676,-92.584136,
969,El Patio,restaurante,San Cristobal de las Casas,gastronomia,166,1.2,328,16.738634,-92.636975,
970,Jugos y Antojitos Alex,restaurante,San Cristobal de las Casas,gastronomia,233,1.0,546,16.739559,-92.63575,
971,Taquería Tabeel,restaurante,San Cristobal de las Casas,gastronomia,195,1.4,912,16.737803,-92.630857,
972,Forever Pizza,restaurante,San Cristobal de las Casas,gastronomia,208,1.1,465,16.737709,-92.631346,
973,El Argentino,restaurante,San Cristobal de las Casas,gastronomia,241,1.4,1156,16.737493,-92.63562,
974,Cafetería La Gardenia,restaurante,San Cristobal de las Casas,gastronomia,199,1.2,435,16.739493,-92.635765,
975,Taniperla,restaurante,San Cristobal de las Casas,gastronomia,99,1.3,114,16.738207,-92.634615,
976,Lek Balami,restaurante,San Cristobal de las Casas,gastronomia,231,1.5,541,16.7396,-92.636022,
977,La Salamandra Cacaoteria,restaurante,San Cristobal de las Casas,gastronomia,227,1.1,525,16.738192,-92.626773,
978,La Faena,restaurante,San Cristobal de las Casas,gastronomia,180,1.3,373,16.735879,-92.639772,
979,Chivo's,restaurante,Palenque,gastronomia,118,1.3,175,17.509627,-91.987083,
980,Cafetos,restaurante,Palenque,gastronomia,153,1.4,288,17.509553,-91.988573,
981,Comedor El Cumbre,restaurante,Las Margaritas,gastronomia,183,1.1,384,16.67568,-91.66159,
982,Chaak Chocolatería,restaurante,Palenque,gastronomia,163,1.2,321,17.509389,-91.988932,
983,Cafe Te'el,restaurante,Palenque,gastronomia,206,1.2,460,17.509574,-91.982433,
984,La Huasteca,restaurante,Palenque,gastronomia,120,1.1,180,17.509165,-91.98313,
985,Pepper Wings,restaurante,Palenque,gastronomia,168,1.4,335,17.509473,-91.988574,
986,"Restaurante Familiar ""El Ranchito""",restaurante,Ocosingo,gastronomia,213,1.0,480,16.921129,-92.104744,
987,Barbacoa de Borrego,restaurante,Arriaga,gastronomia,124,1.3,192,16.205543,-93.853385,
988,Fonda La Sazon del Recuerdo,restaurante,Tonala,gastronomia,89,1.2,80,16.09329,-93.753715,
989,La Perla del Pacifico,restaurante,Tonala,gastronomia,116,1.2,167,15.933308,-93.811166,
990,Yesenia,restaurante,Tonala,gastronomia,243,1.3,578,15.848985,-93.675276,
991,caféologia,restaurante,San Cristobal de las Casas,gastronomia,108,1.3,141,16.737441,-92.636023,
992,Tlayudas Oaxaqueñas,restaurante,Tuxtla Gutierrez,gastronomia,94,1.0,96,16.751506,-93.164731,
993,Café Campo,restaurante,Palenque,gastronomia,112,1.1,472,17.508957,-91.985213,
994,Taqueria el charrito,restaurante,San Cristobal de las Casas,gastronomia,171,1.1,345,16.734281,-92.63772,
995,La  Esquina de Belisario,restaurante,Comitan de Dominguez,gastronomia,162,1.3,316,16.252326,-92.13615,
996,Jugos y Cocteles Isla del Carmen,restaurante,Comitan de Dominguez,gastronomia,117,1.3,499,16.250597,-92.135555,
997,Antojitos El puntalito,restaurante,Palenque,gastronomia,169,1.4,338,17.510182,-91.98342,
998,Loving Hut,restaurante,San Cristobal de las Casas,gastronomia,191,1.3,409,16.741691,-92.638027,
999,Chimichurri,restaurante,San Cristobal de las Casas,gastronomia,179,1.1,826,16.735724,-92.635694,
1000,Al Carbón,restaurante,San Cristobal de las Casas,gastronomia,214,1.1,1011,16.73792,-92.635591,
1001,"Crepas y Marquesitas "" LA 24""",restaurante,Tapachula,gastronomia,127,1.3,552,14.897142,-92.273882,
1002,Masala Raff,restaurante,San Cristobal de las Casas,gastronomia,159,1.5,720,16.738176,-92.635411,
1003,Petite Fondue,restaurante,San Cristobal de las Casas,gastronomia,228,1.1,1085,16.735706,-92.638069,
1004,Churrería La Santa ju,restaurante,San Cristobal de las Casas,gastronomia,244,1.3,1170,16.736497,-92.640292,
1005,Mankeme,restaurante,San Cristobal de las Casas,gastronomia,246,1.0,589,16.732215,-92.637555,
1006,Kim - Cocina Panasiática,restaurante,San Cristobal de las Casas,gastronomia,157,1.4,708,16.737707,-92.639797,
1007,Fercho'z Pizzas,restaurante,San Cristobal de las Casas,gastronomia,174,1.1,798,16.736876,-92.644211,
1008,Al Sazón Que Me Toquen...,restaurante,San Cristobal de las Casas,gastronomia,224,1.4,517,16.738793,-92.63783,
1009,Mi casa,restaurante,San Cristobal de las Casas,gastronomia,240,1.0,570,16.737046,-92.640601,
1010,Grill garden,restaurante,San Cristobal de las Casas,gastronomia,139,1.2,241,16.738305,-92.635032,
1011,El Rinconcito - comedor,restaurante,Palenque,gastronomia,234,1.2,550,17.508384,-91.985134,
1012,Los Magueyes,restaurante,San Cristobal de las Casas,gastronomia,134,1.0,227,16.739646,-92.637058,
1013,Huarache Real,restaurante,San Cristobal de las Casas,gastronomia,113,1.2,157,16.737766,-92.640862,
1014,Taqueria Campero,restaurante,Ocosingo,gastronomia,200,1.3,439,16.991143,-92.108102,
1015,El Buen Gusto,restaurante,San Cristobal de las Casas,gastronomia,186,1.0,396,16.738114,-92.636204,
1016,Los Ches,restaurante,San Cristobal de las Casas,gastronomia,173,1.3,796,16.737477,-92.636759,
1017,Casa De Ahn,restaurante,San Cristobal de las Casas,gastronomia,131,1.2,572,16.737871,-92.639187,
1018,Pizza Palermo,restaurante,Tuxtla Gutierrez,gastronomia,177,1.3,818,16.756372,-93.12297,
1019,Restaurante Maya,restaurante,Palenque,gastronomia,89,1.5,81,17.509376,-91.981243,
1020,La comiteca,restaurante,Comitan de Dominguez,gastronomia,144,1.0,258,16.25175,-92.135777,
1021,Florentina Restaurante,restaurante,Tuxtla Gutierrez,gastronomia,196,1.2,915,16.755984,-93.125715,
1022,Los Portales de Comitan,restaurante,Comitan de Dominguez,gastronomia,90,1.4,82,16.252048,-92.136026,
1023,El Vista,restaurante,Ostuacan,gastronomia,155,1.1,295,17.154494,-93.597454,
1024,Perro Café,restaurante,Comitan de Dominguez,gastronomia,231,1.3,540,16.229181,-92.133191,
1025,Cantaritos,restaurante,San Cristobal de las Casas,gastronomia,197,1.0,428,16.737502,-92.634419,
1026,Aguacate Veggie Bar,restaurante,San Cristobal de las Casas,gastronomia,120,1.5,180,16.738351,-92.634223,
1027,Fonda Marco,restaurante,San Cristobal de las Casas,gastronomia,99,1.1,114,16.735949,-92.636548,
1028,Comedor Doña Rita,restaurante,San Cristobal de las Casas,gastronomia,173,1.2,350,16.738417,-92.633317,
1029,erika,restaurante,Tonala,gastronomia,81,1.3,55,15.851018,-93.677385,
1030,taqueria el negro,restaurante,Palenque,gastronomia,204,1.2,453,17.708815,-92.02087,
1031,Papales,restaurante,Tapachula,gastronomia,81,1.3,55,15.115344,-92.098291,
1032,chin chin,restaurante,Chiapa de Corzo,gastronomia,209,1.2,470,16.71062,-93.016181,
1033,Casa Jasmine,restaurante,San Cristobal de las Casas,gastronomia,156,1.2,296,16.741202,-92.635457,
1034,Argentino,restaurante,Tapachula,gastronomia,156,1.0,297,15.040384,-92.137502,
1035,Taqueria de las Casas,restaurante,San Cristobal de las Casas,gastronomia,171,1.5,346,16.727607,-92.636118,
1036,Cafetería de Black Dragon,restaurante,San Cristobal de las Casas,gastronomia,201,1.2,942,16.736331,-92.627385,
1037,punto H,restaurante,Tonala,gastronomia,88,1.1,78,16.084867,-93.754893,
1038,Donki Burritos Sancris,restaurante,San Cristobal de las Casas,gastronomia,199,1.2,934,16.737761,-92.629068,
1039,Crepas,restaurante,San Cristobal de las Casas,gastronomia,121,1.4,183,16.737728,-92.632497,
1040,La Papaya Milagrosa,restaurante,San Cristobal de las Casas,gastronomia,124,1.2,193,16.737241,-92.639048,
1041,El sazón de la abuela,restaurante,San Cristobal de las Casas,gastronomia,195,1.2,423,16.733448,-92.63408,
1042,Comedor Típico Internacional,restaurante,La Independencia,gastronomia,210,1.4,471,16.076684,-91.678176,
1043,Restaurante ILSI,restaurante,Tapachula,gastronomia,153,1.3,287,15.086287,-92.08345,
1044,K'an K'an,restaurante,San Cristobal de las Casas,gastronomia,189,1.4,879,16.738418,-92.641089,
1045,Colectivo Mudra,restaurante,San Cristobal de las Casas,gastronomia,240,1.0,568,16.738201,-92.635112,
1046,Mikura Sushi,restaurante,San Cristobal de las Casas,gastronomia,247,1.2,592,16.738561,-92.631036,
1047,Cardamomo,restaurante,San Cristobal de las Casas,gastronomia,185,1.2,858,16.738248,-92.626625,
1048,Oui Oui,restaurante,San Cristobal de las Casas,gastronomia,160,1.1,308,16.738235,-92.626712,
1049,La Charcu,restaurante,San Cristobal de las Casas,gastronomia,170,1.2,344,16.738339,-92.626721,
1050,Santo Refugio,restaurante,San Cristobal de las Casas,gastronomia,208,1.3,982,16.738171,-92.626889,
1051,Taqueria El Mexicano,restaurante,San Cristobal de las Casas,gastronomia,196,1.4,425,16.738011,-92.627824,
1052,Cielo Azul,restaurante,San Cristobal de las Casas,gastronomia,148,1.4,660,16.737824,-92.627853,
1053,Arez,restaurante,San Cristobal de las Casas,gastronomia,145,1.3,260,16.738106,-92.639345,
1054,No name Quesadillas,restaurante,San Cristobal de las Casas,gastronomia,245,1.1,586,16.739197,-92.631114,
1055,Sarajevo,restaurante,San Cristobal de las Casas,gastronomia,248,1.3,1189,16.739169,-92.633229,
1056,Técongracia Tapioca bubble tea,restaurante,San Cristobal de las Casas,gastronomia,91,1.0,86,16.737698,-92.633256,
1057,YIK Café,restaurante,San Cristobal de las Casas,gastronomia,221,1.2,506,16.737507,-92.635372,
1058,Ki Muúl,restaurante,San Cristobal de las Casas,gastronomia,226,1.3,523,16.737656,-92.632228,
1059,Quesadillas El Turco,restaurante,Palenque,gastronomia,229,1.1,535,17.329191,-91.926225,
1060,Gloria’s Cafetería,restaurante,Tuxtla Gutierrez,gastronomia,134,1.3,227,16.75512,-93.122888,
1061,Boca del Rio,restaurante,Chiapa de Corzo,gastronomia,126,1.1,201,16.707387,-93.020264,
1062,Cocina economica « La Palma »,restaurante,San Juan Chamula,gastronomia,111,1.3,152,16.78326,-92.693416,
1063,Restaurante « El Cisne »,restaurante,Ocosingo,gastronomia,145,1.3,262,17.257416,-92.113993,
1064,Café de Sha,restaurante,San Cristobal de las Casas,gastronomia,139,1.5,240,16.73438,-92.637752,
1065,La lia,restaurante,San Cristobal de las Casas,gastronomia,247,1.3,593,16.738691,-92.639717,
1066,La pasadita,restaurante,Ocosingo,gastronomia,246,1.1,587,17.253686,-92.114148,
1067,La Isia,restaurante,Ocosingo,gastronomia,136,1.3,234,17.255241,-92.114373,
1068,Librearte,restaurante,San Cristobal de las Casas,gastronomia,236,1.1,554,16.738967,-92.634316,
1069,Taqueria La Flamita Mixe,restaurante,San Cristobal de las Casas,gastronomia,91,1.3,85,16.734312,-92.630703,
1070,tacos,restaurante,Comitan de Dominguez,gastronomia,180,1.3,375,16.235423,-92.134665,
1071,Yik,restaurante,San Cristobal de las Casas,gastronomia,245,1.5,586,16.73232,-92.637113,
1072,Pollo Loco,restaurante,San Juan Chamula,gastronomia,137,1.4,236,16.786048,-92.69069,
1073,La Parola,restaurante,San Cristobal de las Casas,gastronomia,141,1.1,248,16.734528,-92.638155,
1074,Comedor Victoria,restaurante,San Juan Chamula,gastronomia,209,1.0,468,16.786752,-92.690336,
1075,Imperial,restaurante,San Juan Chamula,gastronomia,139,1.0,243,16.788507,-92.689763,
1076,Taqueria El Nopal,restaurante,San Juan Chamula,gastronomia,102,1.4,123,16.784725,-92.69208,
1077,La Terraza,restaurante,San Juan Chamula,gastronomia,122,1.3,186,16.788125,-92.688731,
1078,Taqueria del Asador,restaurante,San Juan Chamula,gastronomia,158,1.3,303,16.788253,-92.690643,
1079,Delicioso café,restaurante,San Juan Chamula,gastronomia,182,1.4,380,16.785805,-92.691124,
1080,Cosina Lagunita,restaurante,San Juan Chamula,gastronomia,244,1.3,581,16.786945,-92.690528,
1081,Café Vinajel,restaurante,San Juan Chamula,gastronomia,243,1.4,579,16.784384,-92.691941,
1082,Pan de vida,restaurante,San Cristobal de las Casas,gastronomia,202,1.4,446,16.747677,-92.637877,
1083,Taqueria del Sur,restaurante,San Cristobal de las Casas,gastronomia,100,1.2,116,16.726589,-92.637009,
1084,Café DeChiapas,restaurante,Tuxtla Gutierrez,gastronomia,151,1.5,679,16.754223,-93.129652,
1085,Na Chan Kan,restaurante,Palenque,gastronomia,235,1.4,553,17.509504,-91.980384,
1086,Bisquet Obregon,restaurante,Tuxtla Gutierrez,gastronomia,206,1.1,457,16.756703,-93.161771,
1087,Pepes Pizza,restaurante,Tuxtla Gutierrez,gastronomia,84,1.2,65,16.751023,-93.101491,
1088,El Merendero,restaurante,San Cristobal de las Casas,gastronomia,167,1.0,334,16.729683,-92.661204,
1089,Vips,restaurante,Tuxtla Gutierrez,gastronomia,226,1.1,522,16.755154,-93.151027,
1090,Forasteros,restaurante,Motozintla,gastronomia,155,1.1,293,15.372022,-92.23273,
1091,Cocina Económica San Marcos,restaurante,Tuxtla Gutierrez,gastronomia,156,1.3,296,16.753151,-93.114899,
1092,Latino’s social club,restaurante,San Cristobal de las Casas,gastronomia,166,1.0,329,16.736739,-92.635565,
1093,La Casa de las Lolas,restaurante,San Cristobal de las Casas,gastronomia,171,1.1,783,16.73363,-92.635644,
1094,Las Lolas,restaurante,San Cristobal de las Casas,gastronomia,139,1.2,243,16.733656,-92.635655,
1095,La Tertulia,restaurante,Tapachula,gastronomia,129,1.3,210,14.929412,-92.25651,
1096,TOKTOKWOK,restaurante,San Cristobal de las Casas,gastronomia,120,1.0,514,16.740103,-92.634333,
1097,Kuxul Restaurante,restaurante,Zinacantlan,gastronomia,247,1.3,591,16.722825,-92.693513,
1098,Sendas,restaurante,San Cristobal de las Casas,gastronomia,159,1.3,720,16.738463,-92.632275,
1099,La Enredadera Biblioteca Café,restaurante,San Cristobal de las Casas,gastronomia,109,1.1,145,16.738394,-92.641388,
1100,Maya Vinic,restaurante,San Cristobal de las Casas,gastronomia,87,1.1,75,16.734372,-92.638287,
1101,Pizzaria Rivabella,restaurante,San Cristobal de las Casas,gastronomia,111,1.2,152,16.737172,-92.635682,
1102,La Esquina del Chaparro,restaurante,San Cristobal de las Casas,gastronomia,173,1.3,352,16.738412,-92.642887,
1103,Café Mooa,restaurante,San Cristobal de las Casas,gastronomia,89,1.4,81,16.738192,-92.628454,
1104,Pensión Mi Ranchito,restaurante,Tapachula,gastronomia,163,1.2,319,14.699765,-92.156201,
1105,Comedor Mary Hidalgo,restaurante,Tapachula,gastronomia,189,1.3,402,14.700937,-92.156044,
1106,Comedor Daly,restaurante,Tapachula,gastronomia,224,1.4,516,14.717134,-92.161116,
1107,OXXO,restaurante,Tapachula,gastronomia,106,1.1,134,14.696275,-92.15529,
1108,Billares BOGA,restaurante,Tapachula,gastronomia,139,1.0,241,14.963174,-92.1495,
1109,La Morena,restaurante,Tapachula,gastronomia,176,1.4,362,14.961958,-92.149897,
1110,La Casona de mis Viejos,restaurante,Tapachula,gastronomia,144,1.4,258,14.937847,-92.160833,
1111,Paradise Pub,restaurante,Tapachula,gastronomia,146,1.3,266,14.915964,-92.190589,
1112,Barbacoa Los Laureles,restaurante,Tapachula,gastronomia,140,1.5,245,14.913189,-92.195091,
1113,Caldos De Gallina,restaurante,Tapachula,gastronomia,150,1.3,277,14.911537,-92.198914,
1114,Veros,restaurante,Tapachula,gastronomia,154,1.2,291,14.907557,-92.205304,
1115,Panfilo'S,restaurante,Tapachula,gastronomia,105,1.3,131,14.895443,-92.225212,
1116,Alberca Alejandría,restaurante,Tapachula,gastronomia,146,1.4,266,14.855201,-92.268115,
1117,Comedor Luci,restaurante,Tapachula,gastronomia,101,1.3,120,14.859507,-92.280901,
1118,La Palapa de mi Mamá,restaurante,Tapachula,gastronomia,183,1.2,383,14.872766,-92.289988,
1119,Don Meme,restaurante,Tapachula,gastronomia,128,1.1,208,14.897618,-92.242647,
1120,Rincon Don Fernando,restaurante,Tapachula,gastronomia,91,1.4,88,14.898133,-92.244038,
1121,Café Ajau,restaurante,Palenque,gastronomia,160,1.4,309,17.508775,-91.980583,
1122,"Cucina Economica ""Moriah""",restaurante,Palenque,gastronomia,185,1.0,391,17.508773,-91.980518,
1123,Coffee Home,restaurante,Palenque,gastronomia,128,1.3,206,17.508883,-91.980165,
1124,Junior's Pizza,restaurante,Palenque,gastronomia,117,1.2,498,17.509279,-91.979651,
1125,Loui Baarí,restaurante,San Cristobal de las Casas,gastronomia,208,1.0,466,16.736619,-92.637786,
1126,Café Poetas Vivos,restaurante,San Cristobal de las Casas,gastronomia,220,1.4,504,16.72795,-92.658517,
1127,Estilo Jalisco,restaurante,San Cristobal de las Casas,gastronomia,165,1.2,327,16.745901,-92.636898,
1128,"Taqueria ""Florecia""",restaurante,San Cristobal de las Casas,gastronomia,175,1.0,359,16.753358,-92.656027,
1129,Espacio Taxcalate,restaurante,San Cristobal de las Casas,gastronomia,164,1.1,324,16.740289,-92.632947,
1130,La Milpa,restaurante,San Cristobal de las Casas,gastronomia,239,1.4,566,16.740479,-92.632953,
1131,El Paisano,restaurante,Ocosingo,gastronomia,112,1.4,155,17.006874,-92.118608,
1132,De Antojito Chiapaneco,restaurante,Tuxtla Gutierrez,gastronomia,213,1.1,481,16.764307,-93.117061,
1133,Pura Vida,restaurante,Tuxtla Gutierrez,gastronomia,232,1.2,1108,16.754196,-93.112571,
1134,Yacan-Ha,restaurante,Ocosingo,gastronomia,177,1.4,365,17.256267,-92.114446,
1135,Las Pinchachas,restaurante,San Cristobal de las Casas,gastronomia,97,1.1,106,16.736206,-92.638763,
1136,Taqueria El Chicote,restaurante,Tonala,gastronomia,146,1.1,265,16.093616,-93.758101,
1137,Jardín la Reserva,restaurante,San Cristobal de las Casas,gastronomia,139,1.2,242,16.737749,-92.632215,
1138,Kakaw - Museo del Cacao y Chocolatería,restaurante,San Cristobal de las Casas,gastronomia,186,1.5,393,16.740894,-92.632395,
1139,Yemayá Cocina de Mar,restaurante,Tuxtla Gutierrez,gastronomia,209,1.2,468,16.769323,-93.097806,
1140,Parador Turístico Juquila,restaurante,Amatenango del Valle,gastronomia,196,1.1,918,16.565372,-92.493823,
1141,Pozoleria Guerrerense,restaurante,San Cristobal de las Casas,gastronomia,143,1.5,256,16.732684,-92.634863,
1142,Comedor Mi Pueblito,restaurante,Zinacantlan,gastronomia,104,1.1,128,16.760946,-92.723493,
1143,Restaurante Don Venancio,restaurante,Huixtla,gastronomia,202,1.0,947,15.139193,-92.468546,
1144,Chivos Restaurante,restaurante,Palenque,gastronomia,188,1.5,402,17.509631,-91.987025,
1145,El Rincón del Buen Sazón,restaurante,Mapastepec,gastronomia,244,1.0,581,15.436066,-92.902013,
1146,Cocina económica Angelita 2,restaurante,Cintalapa,gastronomia,212,1.0,477,16.699708,-93.72267,
1147,Cocina económica Angelita,restaurante,Cintalapa,gastronomia,127,1.1,203,16.699735,-93.72205,
1148,Gouyan (comida china),restaurante,Chiapa de Corzo,gastronomia,99,1.4,112,16.651874,-93.0129,
1149,Girasoles,restaurante,Chiapa de Corzo,gastronomia,86,1.2,72,16.661849,-93.015503,
1150,Flor de café,restaurante,San Cristobal de las Casas,gastronomia,210,1.3,988,16.735964,-92.637304,
1151,El Nuevo Amanecer,restaurante,San Cristobal de las Casas,gastronomia,177,1.5,366,16.733343,-92.632871,
1152,Restaurante Agapandos,restaurante,Tapachula,gastronomia,91,1.4,86,14.872054,-92.288081,
1153,Café Azte-k,restaurante,San Cristobal de las Casas,gastronomia,205,1.1,457,16.741818,-92.633336,
1154,Pulquería Mayahuel,restaurante,San Cristobal de las Casas,gastronomia,115,1.3,166,16.741816,-92.633373,
1155,Cocina Chilanga,restaurante,San Cristobal de las Casas,gastronomia,160,1.4,309,16.741817,-92.63341,
1156,Taquería El Mariachi,restaurante,San Cristobal de las Casas,gastronomia,211,1.3,474,16.742837,-92.633713,
1157,Inina Cafetería,restaurante,San Cristobal de las Casas,gastronomia,216,1.3,1021,16.738234,-92.634546,
1158,Elotes y Esquites Hijos del Maíz,restaurante,San Cristobal de las Casas,gastronomia,150,1.1,671,16.736297,-92.642695,
1159,Pizzeria Fainá,restaurante,San Cristobal de las Casas,gastronomia,176,1.4,811,16.737874,-92.632809,
1160,Tacos Chapultepec,restaurante,San Cristobal de las Casas,gastronomia,220,1.2,503,16.741349,-92.63333,
1161,Restaurante bar Mi Changarro,restaurante,San Cristobal de las Casas,gastronomia,171,1.3,347,16.7424,-92.635882,
1162,Svix Smuk,restaurante,San Cristobal de las Casas,gastronomia,216,1.5,1021,16.740433,-92.63344,
1163,Kulantu,restaurante,San Cristobal de las Casas,gastronomia,156,1.3,706,16.74034,-92.63346,
1164,Rosticeria la casa de los abuelos,restaurante,Chiapa de Corzo,gastronomia,205,1.3,455,16.708862,-93.016112,
1165,La Casa del Tamal,restaurante,San Cristobal de las Casas,gastronomia,249,1.0,597,16.737612,-92.632497,
1166,Restaurante las Flores,restaurante,Zinacantlan,gastronomia,130,1.5,567,16.725583,-92.694531,
1167,Sultan-i Yegag,restaurante,San Cristobal de las Casas,gastronomia,135,1.1,591,16.742121,-92.642337,
1168,Coyatoc,restaurante,Tuxtla Gutierrez,gastronomia,110,1.4,149,16.755011,-93.122896,
1169,Comedor San Juli,restaurante,Arriaga,gastronomia,194,1.1,420,16.200025,-93.849792,
1170,Birria Gabriel,restaurante,Pijijiapan,gastronomia,92,1.3,89,15.689149,-93.20493,
1171,Cafetería Morena Mia,restaurante,Mapastepec,gastronomia,83,1.0,59,15.441776,-92.891121,
1172,Casa Rosa,restaurante,Huixtla,gastronomia,90,1.0,83,15.135014,-92.464835,
1173,Kalamarin,restaurante,Huixtla,gastronomia,204,1.3,451,15.139407,-92.458529,
1174,Cócteles y Mariscos la Pasadita,restaurante,Huehuetan,gastronomia,86,1.5,69,15.011392,-92.402208,
1175,Restaurant Lauri,restaurante,Huehuetan,gastronomia,229,1.3,532,15.011253,-92.401833,
1176,"Pollos Asados A La Leña ""El Crucero""",restaurante,Huehuetan,gastronomia,143,1.4,256,15.010715,-92.40174,
1177,La Casa del Café,restaurante,Huehuetan,gastronomia,129,1.5,209,15.01187,-92.407072,
1178,Restaurant Familiar Providencia,restaurante,Tapachula,gastronomia,194,1.4,421,14.841828,-92.314953,
1179,Korean Dogs,restaurante,Tapachula,gastronomia,85,1.5,67,14.892262,-92.274132,
1180,Maya Cafe,restaurante,Tapachula,gastronomia,198,1.1,432,14.890397,-92.277755,
1181,Sensei Sushi Bar,restaurante,Tapachula,gastronomia,233,1.2,547,14.874391,-92.285603,
1182,Palapa Los Pinos,restaurante,Tapachula,gastronomia,175,1.0,357,14.663204,-92.368223,
1183,Cafetería Izamal,restaurante,San Cristobal de las Casas,gastronomia,179,1.0,370,16.734516,-92.639814,
1184,Maya Pakal,restaurante,San Cristobal de las Casas,gastronomia,145,1.4,262,16.736819,-92.636435,
1185,Astro Café Bistro,restaurante,San Cristobal de las Casas,gastronomia,208,1.4,464,16.740376,-92.635543,
1186,Non Lo So,restaurante,San Cristobal de las Casas,gastronomia,202,1.2,444,16.736555,-92.63956,
1187,Histórico Café tostador,restaurante,San Cristobal de las Casas,gastronomia,128,1.3,206,16.736556,-92.638087,
1188,"Taquería ""El fogoncito""",restaurante,San Cristobal de las Casas,gastronomia,163,1.1,320,16.736893,-92.630574,
1189,Tacos Torres,restaurante,Ocosingo,gastronomia,192,1.2,414,16.909523,-92.099901,
1190,Restaurante & Cafetería Espresso,restaurante,Ocosingo,gastronomia,174,1.4,354,16.908058,-92.096381,
1191,El Jarocho Restaurant,restaurante,Ocosingo,gastronomia,81,1.3,53,16.910845,-92.100399,
1192,Cocina con amor,restaurante,Ocosingo,gastronomia,172,1.4,348,16.908136,-92.082406,
1193,Pozolazo Teterrico,restaurante,Ocosingo,gastronomia,105,1.5,131,16.907669,-92.094986,
1194,La Piñata Pastelería y Cafetería,restaurante,Tuxtla Gutierrez,gastronomia,147,1.5,655,16.764184,-93.122763,
1195,Chistorra Grill Taqueria,restaurante,San Cristobal de las Casas,gastronomia,160,1.0,310,16.735991,-92.638946,
1196,"Pizzería ""Claveles""",restaurante,Palenque,gastronomia,204,1.2,454,17.507948,-91.980829,
1197,La Tlacoyeria Cocina (Tlacoyos),restaurante,San Cristobal de las Casas,gastronomia,153,1.5,288,16.741244,-92.634039,
1198,"Taqueria ""Maria Lupita""",restaurante,San Cristobal de las Casas,gastronomia,210,1.4,472,16.733574,-92.635654,
1199,Xnich,restaurante,San Cristobal de las Casas,gastronomia,99,1.2,113,16.736942,-92.634891,
1200,"Taqueria ""El Coletito""",restaurante,Palenque,gastronomia,84,1.3,65,17.504885,-91.983674,
1201,Coffe Home 1,restaurante,Palenque,gastronomia,144,1.0,258,17.50947,-91.98037,
1202,Los Columpios,restaurante,San Cristobal de las Casas,gastronomia,84,1.3,65,16.735001,-92.635624,
1203,Cafetería Tumbala,restaurante,Palenque,gastronomia,167,1.2,334,17.504914,-91.982791,
1204,Coffe Home,restaurante,Palenque,gastronomia,131,1.1,215,17.509504,-91.980429,
1205,Tropi Tacos,restaurante,Palenque,gastronomia,99,1.3,113,17.508283,-91.980709,
1206,Hierba Santa,restaurante,Tuxtla Gutierrez,gastronomia,229,1.5,1093,16.757643,-93.119026,
1207,Ruta Café,restaurante,Tuxtla Gutierrez,gastronomia,196,1.2,425,16.761558,-93.138766,
1208,Antojitos Chonita,restaurante,San Cristobal de las Casas,gastronomia,169,1.0,340,16.734029,-92.636846,
1209,Fanny Cafetería,restaurante,San Cristobal de las Casas,gastronomia,83,1.4,62,16.737852,-92.627384,
1210,Casa de Willy,restaurante,San Cristobal de las Casas,gastronomia,233,1.5,546,16.737678,-92.630809,
1211,Inina Café,restaurante,San Cristobal de las Casas,gastronomia,220,1.1,1043,16.739593,-92.63497,
1212,Cardemomo,restaurante,San Cristobal de las Casas,gastronomia,144,1.1,641,16.737511,-92.633672,
1213,Los Arcos,restaurante,Zinacantlan,gastronomia,106,1.2,438,16.761261,-92.723872,
1214,El Colibri Café and Bar,restaurante,San Cristobal de las Casas,gastronomia,131,1.4,570,16.733181,-92.634714,
1215,Borrego Chino,restaurante,Salto de Agua,gastronomia,152,1.0,284,17.695959,-92.291765,
1216,Los Tibios,restaurante,Yajalon,gastronomia,150,1.2,277,17.160786,-92.333772,
1217,Yax Lum,restaurante,Tenosique,gastronomia,127,1.1,202,17.175525,-91.48409,
1218,"Taquería ""Las Gemelitas""",restaurante,Tuxtla Gutierrez,gastronomia,82,1.2,58,16.756045,-93.162835,
1219,Restaurant El Chiflon,restaurante,Tzimol,gastronomia,223,1.2,515,16.190423,-92.273764,
1220,Super 24 hrs.,restaurante,Palenque,gastronomia,118,1.2,174,17.714029,-92.013018,
1221,Bambú,restaurante,Pueblo Nuevo Solistahaucan,gastronomia,243,1.2,578,17.0924,-93.211728,
1222,Mazari II,restaurante,Tapachula,gastronomia,169,1.3,775,14.672201,-92.155917,
1223,San Cristóbal de las Casas;Kiosco Central,restaurante,San Cristobal de las Casas,gastronomia,190,1.4,408,16.73701,-92.637573,
1224,Restaurant La toluqueña,restaurante,Palenque,gastronomia,190,1.1,409,17.727046,-92.015141,
1225,Restaurant Palapa el poblanito,restaurante,Tapachula,gastronomia,241,1.2,573,14.799692,-92.355344,
1226,Cafetería Contaduría UNACH,restaurante,Tuxtla Gutierrez,gastronomia,105,1.0,131,16.753533,-93.153217,
1227,Sima of the Parrots,restaurante,Ocozocoautla,gastronomia,248,1.4,1193,16.806993,-93.474857,
1228,La Mansion,restaurante,Tuxtla Gutierrez,gastronomia,120,1.5,182,16.754175,-93.142437,
1229,Cocina el Mana,restaurante,Tuxtla Gutierrez,gastronomia,108,1.5,143,16.77845,-93.179159,
1230,La Floresta,restaurante,Palenque,gastronomia,151,1.0,280,17.498359,-92.017004,
1231,La Candones,restaurante,Tenosique,gastronomia,159,1.4,307,16.768261,-91.125771,
1232,Cascada Wejlib ja,restaurante,Palenque,gastronomia,113,1.0,157,17.375573,-91.798017,
1233,Misol-Ha,restaurante,Palenque,gastronomia,91,1.2,88,17.391245,-91.998705,
1234,Cafeteria Ingenieria UNACH,restaurante,Tuxtla Gutierrez,gastronomia,177,1.2,365,16.755405,-93.155021,
1235,Marisqueria San Sebastian,restaurante,Tuxtla Gutierrez,gastronomia,89,1.2,80,16.745254,-93.13311,
1236,"Taquería ""Tacos Ciro""",restaurante,Tuxtla Gutierrez,gastronomia,97,1.2,107,16.755036,-93.162725,
1237,Pozol y empanadas,restaurante,Tuxtla Gutierrez,gastronomia,116,1.5,168,16.711426,-93.118866,
1238,El Toque Coleto,restaurante,San Cristobal de las Casas,gastronomia,234,1.2,551,16.739515,-92.638815,
1239,El Fogón de Jovel,restaurante,San Cristobal de las Casas,gastronomia,84,1.0,63,16.73812,-92.638672,
1240,Ts'unun,restaurante,San Cristobal de las Casas,gastronomia,194,1.3,420,16.738046,-92.638876,
1241,Comedores,restaurante,La Independencia,gastronomia,151,1.2,281,16.118648,-91.727107,
1242,"Bar ""La Patrona""",restaurante,Tuxtla Gutierrez,gastronomia,130,1.1,214,16.75402,-93.163248,
1243,Restaurant las Golondrinas,restaurante,Las Margaritas,gastronomia,109,1.0,146,16.197979,-91.329319,
1244,Restaurante Velo de Novia,restaurante,Tzimol,gastronomia,128,1.5,207,16.191749,-92.27387,
1245,Pollos Fritos Cacahoatán,restaurante,Tapachula,gastronomia,128,1.5,206,14.99463,-92.166449,
1246,Global Lounge Tapachula,restaurante,Tapachula,gastronomia,168,1.0,770,14.790223,-92.369687,
1247,La casa de Adobe,restaurante,Ocozocoautla,gastronomia,235,1.2,1120,16.759756,-93.371521,
1248,Barbacoa,restaurante,Tuxtla Gutierrez,gastronomia,118,1.5,175,16.755141,-93.124932,
1249,El Rancho,restaurante,Tapachula,gastronomia,200,1.1,936,14.859045,-92.296356,
1250,Restaurant Victoria,restaurante,Ostuacan,gastronomia,159,1.3,718,17.414944,-93.337855,
1251,LOS 2 AGUACHILES,restaurante,Huehuetan,gastronomia,112,1.3,155,15.020047,-92.386162,
1252,Antojitos Fany,restaurante,San Juan Chamula,gastronomia,172,1.3,349,16.882423,-92.629954,
1253,La Guerita,restaurante,Escuintla,gastronomia,122,1.1,524,15.349021,-92.543364,
1254,Iglesia de San Juan Bautista de Chamula,destino,Chamula,cultura,30,2.0,8420,16.787710,-92.686340,
1255,Mercado de Artesanias Chamula,destino,Chamula,cultura,0,1.5,3200,16.788500,-92.686100,
1256,Tejido Tradicional Tzotzil,destino,Chamula,cultura,50,1.5,1100,16.788000,-92.686000,
1257,Santuario del Senor de Tila,destino,Tila,cultura,0,3.0,12000,17.296800,-92.410600,https://upload.wikimedia.org/wikipedia/commons/thumb/e/e5/Tila_church.jpg/960px-Tila_church.jpg
1258,Rio Tila,destino,Tila,naturaleza,0,2.0,980,17.298000,-92.415000,
1259,Mercado Artesanal de Tila,destino,Tila,cultura,0,1.0,760,17.297000,-92.411000,
1260,Volcan Tacana,destino,Union Juarez,naturaleza,200,8.0,3800,15.131000,-92.108000,https://upload.wikimedia.org/wikipedia/commons/thumb/9/93/Tacana_volcano_from_Guatemala_2.jpg/960px-Tacana_volcano_from_Guatemala_2.jpg
1261,Finca Hamburgo,destino,Union Juarez,cultura,120,3.0,2100,15.050000,-92.080000,
1262,Cascada Muxbal,destino,Union Juarez,naturaleza,60,2.5,1400,15.045000,-92.085000,
1263,Cafe de Altura Union Juarez,destino,Union Juarez,cultura,80,1.5,900,15.047000,-92.083000,
1264,Parque Nacional Volcan Tacana,destino,Cacahoatan,naturaleza,50,6.0,2600,15.100000,-92.110000,
1265,Finca Irlanda cafe organico,destino,Cacahoatan,cultura,150,2.5,1800,15.000000,-92.167000,
1266,Plantaciones de Cafe Soconusco,destino,Cacahoatan,naturaleza,80,2.0,1200,14.984000,-92.159000,
1267,Centro Ecoturistico Larrainzar,destino,Larrainzar,cultura,40,2.0,820,16.891000,-92.801000,
1268,Comunidad Tzotzil San Andres,destino,Larrainzar,cultura,30,2.5,1500,16.892000,-92.802000,
1269,Tejido Ceremonial Tzotzil,destino,Larrainzar,cultura,50,1.5,680,16.891000,-92.800000,
1270,Zona Arqueologica Chinkultic,destino,La Trinitaria,cultura,85,2.5,3200,16.104800,-91.987300,https://upload.wikimedia.org/wikipedia/commons/thumb/8/8e/Chinkultic_Ballcourt.jpg/960px-Chinkultic_Ballcourt.jpg
1271,Lagunas de Montebello,destino,La Trinitaria,naturaleza,50,4.0,18500,16.107000,-91.693000,https://upload.wikimedia.org/wikipedia/commons/thumb/0/08/Lagunas_de_Montebello.jpg/960px-Lagunas_de_Montebello.jpg
1272,Lago Pojoj,destino,La Trinitaria,naturaleza,30,2.0,2400,16.108000,-91.680000,
1273,Rio Lacandon,destino,Marques de Comillas,naturaleza,0,3.0,1600,16.266000,-90.839000,
1274,Reserva Montes Azules,destino,Marques de Comillas,naturaleza,100,4.0,2800,16.200000,-90.900000,
1275,Rio Lacantun Ecoturismo,destino,Marques de Comillas,naturaleza,80,3.5,1400,16.250000,-90.850000,
1276,Presa Nezahualcoyotl Malpaso,destino,Tecpatan,naturaleza,0,2.0,1900,17.155000,-93.621000,
1277,Templo de Santo Domingo Colonial,destino,Tecpatan,cultura,0,1.5,2600,17.138000,-93.327000,
1278,Canon del Rio La Venta,destino,Tecpatan,naturaleza,120,5.0,3200,17.100000,-93.400000,
1279,Zona Arqueologica Tonina,destino,Ocosingo,cultura,95,3.0,8900,17.075900,-92.009400,https://upload.wikimedia.org/wikipedia/commons/thumb/c/c9/Toninasoccer.jpg/960px-Toninasoccer.jpg
1280,Laguna Miramar,destino,Ocosingo,naturaleza,350,4.0,4200,16.194000,-91.423000,
1281,Cascada Roberto Barrios,destino,Ocosingo,naturaleza,80,3.0,2700,17.415000,-92.100000,
1282,Pueblo Zoque de Copainala,destino,Copainala,cultura,0,2.0,1200,17.081000,-93.200000,
1283,Iglesia de Santiago Apostol,destino,Copainala,cultura,0,1.0,980,17.081000,-93.200000,
1284,Artesanias Zoques Copainala,destino,Copainala,cultura,40,1.5,650,17.080000,-93.199000,
1285,Templo del Senor del Pozo,destino,Chilon,cultura,0,1.5,1800,17.080000,-92.410000,
1286,Cascada Agua Escondida,destino,Chilon,naturaleza,60,2.5,1400,17.050000,-92.390000,
1287,Comunidad Tzeltal San Sebastian,destino,Chilon,cultura,50,2.0,980,17.080000,-92.410000,
1288,Parque Nacional Canon del Sumidero acceso,destino,Chicoasen,naturaleza,180,3.5,22000,16.851000,-93.076000,https://upload.wikimedia.org/wikipedia/commons/thumb/0/0a/Canon_del_Sumidero_crocodile.jpg/960px-Canon_del_Sumidero_crocodile.jpg
1289,Presa Manuel Moreno Torres,destino,Chicoasen,naturaleza,0,1.5,1800,16.920000,-93.076000,
1290,Mirador Presa Chicoasen,destino,Chicoasen,fotografia,0,1.0,900,16.920000,-93.080000,
1291,Bosque Niebla El Bosque,destino,El Bosque,naturaleza,60,3.0,1600,17.083000,-93.041000,
1292,Cascada La Golondrina,destino,El Bosque,naturaleza,40,2.5,820,17.080000,-93.040000,
1293,Sendero Ecoturistico Sierra Norte,destino,El Bosque,naturaleza,50,3.5,740,17.085000,-93.042000,
1294,Yaxchilan Zona Arqueologica,destino,Ocosingo,cultura,95,4.0,7800,16.899000,-90.965000,https://upload.wikimedia.org/wikipedia/commons/thumb/c/c0/Yaxchilan_stela.jpg/960px-Yaxchilan_stela.jpg
1295,Laguna Miramar Selva Lacandona,destino,Ocosingo,naturaleza,200,5.0,4100,16.700000,-91.500000,
1296,Comunidad Lacandona Naha,destino,Ocosingo,cultura,150,3.0,1200,16.990000,-91.560000,
1297,Cataratas de San Juan Cancuc,destino,San Juan Cancuc,naturaleza,50,2.5,680,16.946000,-92.436000,
1298,Comunidad Tzeltal Cancuc,destino,San Juan Cancuc,cultura,40,2.0,540,16.946000,-92.436000,
1299,Artesanias Textiles Cancuc,destino,San Juan Cancuc,cultura,60,1.5,420,16.945000,-92.435000,
1300,Cerro Tzontehuitz,destino,Tenejapa,naturaleza,0,4.0,1800,16.957000,-92.499000,
1301,Mercado Tradicional Tzeltal Tenejapa,destino,Tenejapa,cultura,0,1.5,2400,16.920000,-92.500000,
1302,Cascada Yaxanal,destino,Oxchuc,naturaleza,60,2.5,950,16.781000,-92.331000,
1303,Comunidad Tzeltal Oxchuc,destino,Oxchuc,cultura,30,2.0,780,16.781000,-92.331000,
1304,Artesanias Tzeltal Oxchuc,destino,Oxchuc,cultura,40,1.5,580,16.780000,-92.330000,
1305,Laguna Boca del Cielo,destino,Pijijiapan,naturaleza,80,2.5,3600,15.699000,-93.200000,
1306,Playa Boca del Cielo,destino,Pijijiapan,naturaleza,0,2.0,4200,15.690000,-93.210000,
1307,Hacienda San Francisco Acala,destino,Acala,cultura,80,2.0,1200,16.558000,-92.802000,
1308,Rio Grijalva Acala,destino,Acala,naturaleza,0,1.5,900,16.558000,-92.802000,
1309,Templo Colonial de Acala,destino,Acala,cultura,0,1.0,680,16.558000,-92.802000,
1310,Museo Comunitario Aldama,destino,Aldama,cultura,30,1.5,420,16.873000,-92.620000,
1311,Comunidad Tzotzil Aldama,destino,Aldama,cultura,40,2.0,350,16.873000,-92.620000,
1312,Zona Arqueologica Altamirano,destino,Altamirano,cultura,50,2.0,1100,16.734000,-92.037000,
1313,Canadas de Chiapas Altamirano,destino,Altamirano,naturaleza,0,3.0,1400,16.734000,-92.037000,
1314,Mercado Indigena Altamirano,destino,Altamirano,cultura,0,1.5,980,16.735000,-92.037000,
1315,Cascada Velo de Novia Amatan,destino,Amatan,naturaleza,60,2.0,1200,17.381000,-92.824000,
1316,Comunidad Zoque Amatan,destino,Amatan,cultura,40,1.5,680,17.381000,-92.824000,
1317,Iglesia Colonial de Amatan,destino,Amatan,cultura,0,1.0,520,17.381000,-92.823000,
1318,Laguna de Catazaja,destino,Catazaja,naturaleza,0,2.5,2600,17.688000,-92.075000,
1319,Pesca Deportiva Catazaja,destino,Catazaja,naturaleza,80,3.0,1800,17.690000,-92.070000,
1320,Comunidad Chol Catazaja,destino,Catazaja,cultura,40,1.5,620,17.688000,-92.075000,
1321,Cascada Chalchihuitan,destino,Chalchihuitan,naturaleza,50,2.5,780,16.987000,-92.726000,
1322,Comunidad Tzotzil Chalchihuitan,destino,Chalchihuitan,cultura,40,2.0,540,16.987000,-92.726000,
1323,Ceremonias Tradicionales Chalchihuitan,destino,Chalchihuitan,cultura,60,2.5,480,16.987000,-92.725000,
1324,Balneario Las Joyas Chapultenango,destino,Chapultenango,naturaleza,60,2.5,1400,17.330000,-93.440000,
1325,Volcan Chichonal,destino,Chapultenango,naturaleza,150,5.0,1800,17.357000,-93.228000,
1326,Laguna Crater Chichonal,destino,Chapultenango,naturaleza,200,6.0,1200,17.357000,-93.228000,
1327,Templo de Chenalho,destino,Chenalho,cultura,0,1.5,820,16.911000,-92.593000,
1328,Comunidad Tzotzil Chenalho,destino,Chenalho,cultura,40,2.0,650,16.911000,-92.593000,
1329,Artesanias Textiles Chenalho,destino,Chenalho,cultura,60,1.5,580,16.912000,-92.593000,
1330,Sierra Madre Chicomuselo,destino,Chicomuselo,naturaleza,60,3.0,800,15.760000,-92.213000,
1331,Comunidad Maya Chicomuselo,destino,Chicomuselo,cultura,40,2.0,480,15.760000,-92.213000,
1332,Rio Negro Chicomuselo,destino,Chicomuselo,naturaleza,0,2.5,620,15.760000,-92.214000,
1333,Cascada Cueva del Arco Coapilla,destino,Coapilla,naturaleza,70,3.0,1600,17.127000,-93.064000,
1334,Mirador Sierra Coapilla,destino,Coapilla,fotografia,0,2.0,920,17.127000,-93.064000,
1335,Pueblo Zoque Coapilla,destino,Coapilla,cultura,40,1.5,580,17.127000,-93.063000,
1336,Parque Francisco Leon Volcan,destino,Francisco Leon,naturaleza,100,4.0,920,17.336000,-93.261000,
1337,Zonas Cafetaleras Leon,destino,Francisco Leon,cultura,80,2.0,580,17.336000,-93.261000,
1338,Sierra Madre El Parral,destino,El Parral,naturaleza,0,2.5,580,16.680000,-92.180000,
1339,Comunidad Tzeltal El Parral,destino,El Parral,cultura,40,2.0,380,16.680000,-92.180000,
1340,Mirador El Porvenir Sierra,destino,El Porvenir,fotografia,0,3.0,680,15.202000,-92.029000,
1341,Frontera Guatemala El Porvenir,destino,El Porvenir,cultura,0,1.5,820,15.202000,-92.029000,
1342,Cerro de la Cruz Frontera Comalapa,destino,Frontera Comalapa,fotografia,0,1.5,680,15.660000,-92.120000,
1343,Comunidades Maya Comalapa,destino,Frontera Comalapa,cultura,50,2.0,780,15.660000,-92.121000,
1344,Rio Negro Ecoturismo La Grandeza,destino,La Grandeza,naturaleza,60,2.5,480,15.456000,-92.093000,
1345,Sierra Madre La Grandeza,destino,La Grandeza,naturaleza,0,3.0,380,15.456000,-92.094000,
1346,Cascada La Independencia,destino,La Independencia,naturaleza,80,3.0,1200,16.070000,-92.020000,
1347,Comunidad Tojolabal La Independencia,destino,La Independencia,cultura,50,2.0,820,16.070000,-92.020000,
1348,Balneario La Libertad,destino,La Libertad,naturaleza,60,2.0,1100,16.738000,-91.786000,
1349,Comunidades Maya La Libertad,destino,La Libertad,cultura,40,2.0,620,16.738000,-91.786000,
1350,Lagunas Las Rosas,destino,Las Rosas,naturaleza,0,2.5,1800,16.380000,-92.330000,
1351,Artesanias Tzeltal Las Rosas,destino,Las Rosas,cultura,50,1.5,960,16.380000,-92.330000,
1352,Balneario Las Rosas,destino,Las Rosas,naturaleza,60,2.0,1400,16.381000,-92.331000,
1353,Presa Angostura Rio Grijalva,destino,La Concordia,naturaleza,0,2.5,2800,15.860000,-92.700000,
1354,Laguna de Bochil,destino,Bochil,naturaleza,0,2.0,1200,17.000000,-92.890000,
1355,Templo Colonial Bochil,destino,Bochil,cultura,0,1.0,820,17.000000,-92.890000,
1356,Comunidad Tzotzil Bochil,destino,Bochil,cultura,40,1.5,620,17.001000,-92.889000,
1357,Aguas Termales Huitiupan,destino,Huitiupan,naturaleza,80,2.5,980,17.262000,-92.740000,
1358,Comunidad Tzotzil Huitiupan,destino,Huitiupan,cultura,40,2.0,580,17.262000,-92.740000,
1359,Artesanias Textiles Huitiupan,destino,Huitiupan,cultura,50,1.5,480,17.262000,-92.739000,
1360,Laguna Inferior Ixhuatan,destino,Ixhuatan,naturaleza,0,3.0,1600,16.180000,-94.500000,
1361,Cascada Rio Jitotol,destino,Jitotol,naturaleza,50,2.0,1200,17.066000,-92.987000,
1362,Cafe de Montana Jitotol,destino,Jitotol,cultura,60,1.5,800,17.066000,-92.987000,
1363,Iglesia Colonial Jitotol,destino,Jitotol,cultura,0,1.0,580,17.066000,-92.986000,
1364,Rio Usumacinta Marques,destino,Marques de Comillas,naturaleza,120,4.0,2200,16.250000,-90.870000,
1365,Grutas Lacandona,destino,Marques de Comillas,naturaleza,100,2.5,1800,16.260000,-90.845000,
1366,Playa Los Patos Mazatan,destino,Mazatan,naturaleza,0,2.5,2200,14.829000,-92.461000,
1367,Boca del Rio Mazatan,destino,Mazatan,naturaleza,60,2.0,1600,14.820000,-92.460000,
1368,Laguna La Joya Mazatan,destino,Mazatan,naturaleza,40,2.5,1400,14.830000,-92.462000,
1369,Finca El Paraiso Metapa,destino,Metapa,naturaleza,100,2.5,1200,14.851000,-92.163000,
1370,Cafe Soconusco Metapa,destino,Metapa,cultura,80,1.5,820,14.851000,-92.163000,
1371,Comunidad Mame Metapa,destino,Metapa,cultura,50,2.0,580,14.852000,-92.163000,
1372,Mirador Mitontic,destino,Mitontic,fotografia,0,2.5,780,16.875000,-92.743000,
1373,Comunidad Tzotzil Mitontic,destino,Mitontic,cultura,40,2.0,540,16.875000,-92.743000,
1374,Artesanias de Lana Mitontic,destino,Mitontic,cultura,60,1.5,480,16.875000,-92.742000,
1375,Comunidad Tojolabal Nicolas Ruiz,destino,Nicolas Ruiz,cultura,40,2.0,520,16.438000,-92.781000,
1376,Balneario Nicolas Ruiz,destino,Nicolas Ruiz,naturaleza,50,2.0,800,16.438000,-92.781000,
1377,Cascada Pantelho,destino,Pantelho,naturaleza,60,2.5,920,16.990000,-92.600000,
1378,Comunidad Tzotzil Pantelho,destino,Pantelho,cultura,40,2.0,620,16.990000,-92.600000,
1379,Artesanias Textiles Pantelho,destino,Pantelho,cultura,50,1.5,480,16.990000,-92.599000,
1380,Canon del Rio Rayon,destino,Rayon,naturaleza,80,3.0,1200,17.113000,-92.951000,
1381,Bosque Sierra Rayon,destino,Rayon,naturaleza,0,2.5,820,17.113000,-92.950000,
1382,Templo Colonial Rayon,destino,Rayon,cultura,0,1.0,480,17.113000,-92.951000,
1383,Cascada Rio Sabanilla,destino,Sabanilla,naturaleza,60,2.5,1100,17.447000,-92.661000,
1384,Comunidad Chol Sabanilla,destino,Sabanilla,cultura,40,2.0,680,17.447000,-92.661000,
1385,Rio Sabanilla,destino,Sabanilla,naturaleza,0,2.0,820,17.448000,-92.661000,
1386,Artesanias Santiago el Pinar,destino,Santiago el Pinar,cultura,50,1.5,620,16.899000,-92.777000,
1387,Comunidad Tzotzil Santiago Pinar,destino,Santiago el Pinar,cultura,40,2.0,480,16.899000,-92.777000,
1388,Mirador Santiago el Pinar,destino,Santiago el Pinar,fotografia,0,1.5,520,16.900000,-92.778000,
1389,Rio Socoltenango,destino,Socoltenango,naturaleza,0,2.0,1100,16.120000,-92.320000,
1390,Comunidad Tzeltal Socoltenango,destino,Socoltenango,cultura,40,1.5,720,16.120000,-92.320000,
1391,Balneario Natural Socoltenango,destino,Socoltenango,naturaleza,50,2.0,980,16.121000,-92.321000,
1392,Templo de Santo Tomas Solosuchiapa,destino,Solosuchiapa,cultura,0,1.0,580,17.249000,-93.034000,
1393,Rio Negro Solosuchiapa,destino,Solosuchiapa,naturaleza,0,2.0,720,17.249000,-93.035000,
1394,Balneario Soyalo,destino,Soyalo,naturaleza,50,2.0,1600,16.896000,-92.907000,
1395,Mirador Cerro Soyalo,destino,Soyalo,fotografia,0,1.5,820,16.897000,-92.907000,
1396,Playa Suchiate,destino,Suchiate,naturaleza,0,2.5,1800,14.648000,-92.219000,
1397,Puente Internacional Suchiate,destino,Suchiate,cultura,0,1.0,2400,14.648000,-92.221000,
1398,Mercado Fronterizo Suchiate,destino,Suchiate,cultura,0,1.5,3200,14.650000,-92.220000,
1399,Parque Ecoturistico Sunuapa,destino,Sunuapa,naturaleza,60,2.5,580,17.665000,-93.460000,
1400,Comunidad Zoque Sunuapa,destino,Sunuapa,cultura,40,2.0,420,17.665000,-93.460000,
1401,Zona Arqueologica Ixtacomitan,destino,Ixtacomitan,cultura,50,2.0,820,17.470000,-93.100000,
1402,Rio Ixtacomitan,destino,Ixtacomitan,naturaleza,0,2.0,680,17.470000,-93.100000,
1403,Laguna Tapalapa,destino,Tapalapa,naturaleza,0,2.0,1200,17.191000,-93.039000,
1404,Comunidad Zoque Tapalapa,destino,Tapalapa,cultura,40,1.5,680,17.191000,-93.039000,
1405,Cascada Tapilula,destino,Tapilula,naturaleza,60,2.5,1400,17.210000,-92.893000,
1406,Cafe de Altura Tapilula,destino,Tapilula,cultura,80,1.5,820,17.210000,-92.892000,
1407,Pueblo Magico Potencial Tapilula,destino,Tapilula,cultura,0,2.0,960,17.211000,-92.893000,
1408,Presa Angostura Salto de Agua,destino,Salto de Agua,naturaleza,80,3.0,2800,17.550000,-92.320000,
1409,Rio Salto de Agua,destino,Salto de Agua,naturaleza,0,2.5,1600,17.551000,-92.321000,
1410,Comunidad Chol Salto de Agua,destino,Salto de Agua,cultura,50,2.0,820,17.550000,-92.319000,
1411,Cascada Siltepec Sierra Madre,destino,Siltepec,naturaleza,60,3.0,920,15.500000,-92.311000,
1412,Comunidad Mam Siltepec,destino,Siltepec,cultura,50,2.5,620,15.501000,-92.310000,
1413,Mercado de Ambar Simojovel,destino,Simojovel,cultura,60,1.5,3600,17.130000,-92.720000,
1414,Mina de Ambar Simojovel,destino,Simojovel,cultura,120,2.0,2800,17.131000,-92.721000,
1415,Aguas Termales Simojovel,destino,Simojovel,naturaleza,80,2.5,2400,17.130000,-92.720000,
1416,Cascada Totolapa,destino,Totolapa,naturaleza,50,2.0,980,16.530000,-92.870000,
1417,Pueblo Colonial Totolapa,destino,Totolapa,cultura,0,1.5,680,16.530000,-92.870000,
1418,Malecon Tuxtla Chico,destino,Tuxtla Chico,naturaleza,0,1.5,1600,14.998000,-92.163000,
1419,Parque Botanico Tuxtla Chico,destino,Tuxtla Chico,naturaleza,30,1.5,820,14.999000,-92.164000,
1420,Mirador Panoramico Villa Corzo,destino,Villa Corzo,fotografia,0,2.0,1400,16.170000,-93.260000,
1421,Reserva La Sepultura,destino,Villa Corzo,naturaleza,100,4.0,2800,16.050000,-93.170000,
1422,Rio Villa Corzo,destino,Villa Corzo,naturaleza,0,2.5,1200,16.170000,-93.261000,
1423,Cascada Yajalon,destino,Yajalon,naturaleza,60,2.5,1800,17.170000,-92.340000,
1424,Cafe de Altura Yajalon,destino,Yajalon,cultura,80,1.5,1200,17.171000,-92.341000,
1425,Aguas Termales Ixtapa,destino,Ixtapa,naturaleza,60,2.0,1800,16.822000,-92.895000,
1426,Balneario Natural Ixtapa,destino,Ixtapa,naturaleza,40,2.0,1400,16.823000,-92.895000,
1427,Cascada Osumacinta,destino,Osumacinta,naturaleza,60,2.5,820,16.648000,-92.859000,
1428,Rio Grijalva Osumacinta,destino,Osumacinta,naturaleza,0,2.0,680,16.648000,-92.859000,
1429,Presa de Malpaso Mezcalapa,destino,Mezcalapa,naturaleza,0,2.5,1600,16.810000,-93.210000,
1430,Rio Grijalva Mezcalapa,destino,Mezcalapa,naturaleza,0,2.0,980,16.811000,-93.210000,
1431,Templo Colonial Teopisca,destino,Teopisca,cultura,0,1.0,1200,16.524000,-92.476000,
1432,Balneario Teopisca,destino,Teopisca,naturaleza,50,2.0,1600,16.524000,-92.476000,
1433,Artesanias de Barro Teopisca,destino,Teopisca,cultura,60,1.5,980,16.525000,-92.477000,
1434,Playa Tuzantan,destino,Tuzantan,naturaleza,0,2.5,1400,15.140000,-92.390000,
1435,Manglares Tuzantan,destino,Tuzantan,naturaleza,60,2.5,1200,15.138000,-92.392000,
1436,Playa Villa Comaltitlan,destino,Villa Comaltitlan,naturaleza,0,2.5,1600,15.218000,-92.564000,
1437,Estero Villa Comaltitlan,destino,Villa Comaltitlan,naturaleza,50,2.0,1200,15.220000,-92.562000,
1438,Ecoturismo Benemerto Americas,destino,Benemerto de las Americas,naturaleza,150,4.0,2600,16.529000,-90.660000,
1439,Rio Usumacinta Benemerto,destino,Benemerto de las Americas,naturaleza,120,3.5,2200,16.530000,-90.665000,
1440,Selva Lacandona Acceso Benemerto,destino,Benemerto de las Americas,naturaleza,200,5.0,1800,16.525000,-90.660000,
1441,Puente Internacional Frontera Hidalgo,destino,Frontera Hidalgo,cultura,0,1.0,2400,14.720000,-92.159000,
1442,Playa Frontera Hidalgo,destino,Frontera Hidalgo,naturaleza,0,2.0,1600,14.722000,-92.159000,
1443,Sierra Madre Bejucal de Ocampo,destino,Bejucal de Ocampo,naturaleza,60,3.0,620,15.490000,-92.280000,
1444,Comunidad Mam Bejucal,destino,Bejucal de Ocampo,cultura,40,2.0,480,15.490000,-92.280000,
1445,Cerro Bella Vista Sierra,destino,Bella Vista,naturaleza,80,3.5,580,15.527000,-92.138000,
1446,Comunidad Mam Bella Vista,destino,Bella Vista,cultura,40,2.0,420,15.527000,-92.138000,
1447,Mirador Chanal,destino,Chanal,fotografia,0,2.0,680,16.646000,-92.273000,
1448,Comunidad Tzeltal Chanal,destino,Chanal,cultura,40,2.0,540,16.646000,-92.273000,
1449,Rio Chiapilla,destino,Chiapilla,naturaleza,0,1.5,720,16.572000,-92.952000,
1450,Pueblo Colonial Chiapilla,destino,Chiapilla,cultura,0,1.0,580,16.572000,-92.952000,
1451,Bosque de Niebla San Andres Duraznal,destino,San Andres Duraznal,naturaleza,60,3.0,820,17.278000,-92.919000,
1452,Cascada Duraznal,destino,San Andres Duraznal,naturaleza,50,2.5,640,17.278000,-92.920000,
1453,Ruta del Cafe Huixtan,destino,Huixtan,cultura,80,2.5,980,16.733000,-92.413000,
1454,Comunidad Tzeltal Huixtan,destino,Huixtan,cultura,40,2.0,680,16.733000,-92.413000,
1455,Cascada Ixtapangajoya,destino,Ixtapangajoya,naturaleza,60,2.5,980,17.412000,-93.050000,
1456,Comunidad Zoque Ixtapangajoya,destino,Ixtapangajoya,cultura,40,1.5,620,17.412000,-93.050000,
1457,Reserva Natural Maravilla Tenejapa,destino,Maravilla Tenejapa,naturaleza,120,4.0,1600,16.390000,-91.440000,
1458,Rio Lacantun Maravilla Tenejapa,destino,Maravilla Tenejapa,naturaleza,100,3.0,1200,16.390000,-91.440000,
1459,Sierra Madre Mazapa de Madero,destino,Mazapa de Madero,naturaleza,60,3.5,680,15.322000,-92.217000,
1460,Comunidad Mam Mazapa,destino,Mazapa de Madero,cultura,40,2.0,480,15.322000,-92.217000,
1461,Sendero Montecristo de Guerrero,destino,Montecristo de Guerrero,naturaleza,80,4.0,580,15.490000,-92.028000,
1462,Comunidad Sierra Montecristo,destino,Montecristo de Guerrero,cultura,40,2.5,420,15.490000,-92.028000,
1463,Templo Zoque Ocotepec,destino,Ocotepec,cultura,0,1.5,820,17.169000,-93.063000,
1464,Rio Ocotepec,destino,Ocotepec,naturaleza,0,2.0,680,17.169000,-93.063000,
1465,Cascada Pantepec,destino,Pantepec,naturaleza,60,2.5,1100,17.275000,-93.134000,
1466,Rio Pantepec,destino,Pantepec,naturaleza,0,2.0,820,17.275000,-93.135000,
1467,Comunidad Tzotzil Rincon Chamula,destino,Rincon Chamula San Pedro,cultura,40,2.0,620,16.820000,-92.710000,
1468,Artesanias Rincon Chamula,destino,Rincon Chamula San Pedro,cultura,50,1.5,480,16.820000,-92.710000,
1469,Comunidad Chol Sitala,destino,Sitala,cultura,40,2.0,580,17.097000,-92.355000,
1470,Rio Sitala,destino,Sitala,naturaleza,0,2.0,720,17.097000,-92.355000,
1471,Ecoturismo Honduras de la Sierra,destino,Honduras de la Sierra,naturaleza,60,3.0,680,17.180000,-92.820000,
1472,Comunidad Tzotzil Honduras Sierra,destino,Honduras de la Sierra,cultura,40,2.0,520,17.180000,-92.820000,
1473,Selva Emiliano Zapata,destino,Emiliano Zapata,naturaleza,100,4.0,1200,16.510000,-91.010000,
1474,Rio Emiliano Zapata,destino,Emiliano Zapata,naturaleza,60,3.0,820,16.510000,-91.011000,
1475,Parque Ecoturistico Capitan Vidal,destino,Capitan Luis Angel Vidal,naturaleza,60,2.5,680,17.540000,-93.670000,
1476,Rio Usumacinta Juarez Chiapas,destino,Juarez,naturaleza,80,3.0,820,17.666000,-93.103000,
1477,Parque San Lucas,destino,San Lucas,naturaleza,50,2.0,880,16.360000,-92.460000,
1478,Comunidad Tzeltal San Lucas,destino,San Lucas,cultura,40,1.5,620,16.360000,-92.460000,
1479,Rio Amatenango Frontera,destino,Amatenango de la Frontera,naturaleza,60,2.5,820,15.447000,-92.084000,
1480,Comunidad Mam Amatenango Frontera,destino,Amatenango de la Frontera,cultura,40,2.0,580,15.447000,-92.084000,
